timestamp,signal_power_dbfs,is_true_anomaly,baseline_flag,reconstruction_error,autoencoder_flag
2026-09-05 00:00:00,-55.60024524578628,False,False,28.523782089436992,False
2026-09-05 00:00:01,-70.27652860234237,False,False,26.370495318060126,False
2026-09-05 00:00:02,-61.20837587969277,False,False,26.928218466192277,False
2026-09-05 00:00:03,-59.03978890042347,False,False,27.562482412184636,False
2026-09-05 00:00:04,-70.46830674944667,False,False,27.72192252091611,False
2026-09-05 00:00:05,-57.62103976210477,False,False,29.156294551365697,False
2026-09-05 00:00:06,-60.21641792141407,False,False,22.726117895099435,False
2026-09-05 00:00:07,-62.266250226855725,False,False,18.304438545253753,False
2026-09-05 00:00:08,-70.9389487718699,False,False,14.015082303021874,False
2026-09-05 00:00:09,-63.731163367447024,False,False,14.15123089430032,False
2026-09-05 00:00:10,-70.92683538562493,False,False,11.051499247266882,False
2026-09-05 00:00:11,-70.93145950714052,False,False,12.035786646973083,False
2026-09-05 00:00:12,-69.51607545686794,False,False,11.847647355328125,False
2026-09-05 00:00:13,-73.8265604893156,False,False,11.896097778199259,False
2026-09-05 00:00:14,-61.10133046003006,False,False,21.191003707204395,False
2026-09-05 00:00:15,-71.12457505848195,False,False,15.502066107656038,False
2026-09-05 00:00:16,-72.02566224066885,False,False,15.428870715721876,False
2026-09-05 00:00:17,-69.37150533480946,False,False,15.841877074967943,False
2026-09-05 00:00:18,-71.81604815104242,False,False,25.402103263873595,False
2026-09-05 00:00:19,-72.82460740267058,False,False,24.875768621417365,False
2026-09-05 00:00:20,-67.06870246215689,False,False,33.48016291963786,False
2026-09-05 00:00:21,-70.45155260097307,False,False,35.865521976763034,False
2026-09-05 00:00:22,-69.86494359062415,False,False,34.295104696633786,False
2026-09-05 00:00:23,-58.50998298659973,False,False,41.60897512117903,False
2026-09-05 00:00:24,-71.08876544905037,False,False,39.6056004864415,False
2026-09-05 00:00:25,-69.77815482058027,False,False,37.99168616260574,False
2026-09-05 00:00:26,-72.30198715484461,False,False,37.31185834085543,False
2026-09-05 00:00:27,-58.69335328268146,False,False,36.96602293187489,False
2026-09-05 00:00:28,-71.2012773798376,False,False,40.96985306823128,False
2026-09-05 00:00:29,-56.64366081534226,False,False,43.24745927043402,False
2026-09-05 00:00:30,-71.2034132244588,False,False,44.56817218353206,True
2026-09-05 00:00:31,-66.29544363098212,False,False,41.83096829857463,False
2026-09-05 00:00:32,-56.5974945180848,False,False,43.60602601707867,False
2026-09-05 00:00:33,-72.1154218579118,False,False,34.952062132907216,False
2026-09-05 00:00:34,-68.35491017579362,False,False,33.20065088758328,False
2026-09-05 00:00:35,-63.54082691213991,False,False,36.73408044489184,False
2026-09-05 00:00:36,-57.62968880243615,False,False,37.15096262506332,False
2026-09-05 00:00:37,-73.91934024775955,False,False,25.772245684662767,False
2026-09-05 00:00:38,-72.65637209779686,False,False,27.377588743171714,False
2026-09-05 00:00:39,-55.85640064773524,False,False,25.43461294337003,False
2026-09-05 00:00:40,-68.52306684000918,False,False,12.519176698656953,False
2026-09-05 00:00:41,-69.65726343762006,False,False,20.35152304713022,False
2026-09-05 00:00:42,-64.5276154857162,False,False,20.4933308354418,False
2026-09-05 00:00:43,-70.60220739117858,False,False,19.175203359747933,False
2026-09-05 00:00:44,-72.95704398073485,False,False,19.27978457517245,False
2026-09-05 00:00:45,-71.43968841678942,False,False,17.315676275870846,False
2026-09-05 00:00:46,-70.92127754191958,False,False,16.238661232783386,False
2026-09-05 00:00:47,-61.55106675474089,False,False,16.987076289979406,False
2026-09-05 00:00:48,-69.31276342086308,False,False,12.168736476271938,False
2026-09-05 00:00:49,-73.52608031072546,False,False,12.05596608750823,False
2026-09-05 00:00:50,-60.05127860929768,False,False,9.956597955253851,False
2026-09-05 00:00:51,-70.77016456083263,False,False,1.8852519491103066,False
2026-09-05 00:00:52,-71.35384400061191,False,False,1.947493563921984,False
2026-09-05 00:00:53,-68.77664742231826,False,False,2.3168725209111467,False
2026-09-05 00:00:54,-67.93800095500809,False,False,2.690823232831778,False
2026-09-05 00:00:55,-68.13743976176761,False,False,2.413332378092083,False
2026-09-05 00:00:56,-71.67843504644527,False,False,2.7284418990899724,False
2026-09-05 00:00:57,-70.61842475170243,False,False,2.5402015852694815,False
2026-09-05 00:00:58,-69.33747313719287,False,False,3.0148292228077946,False
2026-09-05 00:00:59,-68.04890974575528,False,False,3.0359912492856367,False
2026-09-05 00:01:00,-70.95834847569058,False,False,2.8444762641271604,False
2026-09-05 00:01:01,-70.37131795332763,False,False,2.7960298101660603,False
2026-09-05 00:01:02,-72.21266994801206,False,False,13.446111432024981,False
2026-09-05 00:01:03,-72.39241324816135,False,False,12.331149078671361,False
2026-09-05 00:01:04,-68.3749483552116,False,False,11.03631590153649,False
2026-09-05 00:01:05,-67.28751994285835,False,False,16.219144179501818,False
2026-09-05 00:01:06,-70.14402024316067,False,False,15.69386993731781,False
2026-09-05 00:01:07,-67.99293420421596,False,False,16.883208512545288,False
2026-09-05 00:01:08,-69.27672794990472,False,False,17.35580022513181,False
2026-09-05 00:01:09,-71.29023950921025,False,False,17.735154753024062,False
2026-09-05 00:01:10,-69.27720878898317,False,False,20.141859128380947,False
2026-09-05 00:01:11,-58.79849034470084,False,False,20.906179278569418,False
2026-09-05 00:01:12,-70.0716520782199,False,False,10.65050558089462,False
2026-09-05 00:01:13,-66.87071268837198,False,False,11.12189878037865,False
2026-09-05 00:01:14,-75.23949020817949,False,False,11.058198557278697,False
2026-09-05 00:01:15,-68.35619499124955,False,False,8.131035690116306,False
2026-09-05 00:01:16,-64.26107162348883,False,False,8.283909425451778,False
2026-09-05 00:01:17,-70.59801470093174,False,False,5.498527609037336,False
2026-09-05 00:01:18,-69.816478446929,False,False,5.345234932281661,False
2026-09-05 00:01:19,-73.97513782920178,False,False,7.8224201124153385,False
2026-09-05 00:01:20,-65.23881667783495,False,False,5.356124871497514,False
2026-09-05 00:01:21,-69.2857748569765,False,False,10.77192142587493,False
2026-09-05 00:01:22,-67.04421191051696,False,False,10.744289741475319,False
2026-09-05 00:01:23,-71.0365404365473,False,False,11.407212058412815,False
2026-09-05 00:01:24,-71.61698720578637,False,False,11.345317001015742,False
2026-09-05 00:01:25,-71.00351408716908,False,False,11.03593999352863,False
2026-09-05 00:01:26,-68.16919576459586,False,False,12.983864844850427,False
2026-09-05 00:01:27,-69.34249778068063,False,False,25.996488468363474,False
2026-09-05 00:01:28,-64.42343619909695,False,False,31.61041966797776,False
2026-09-05 00:01:29,-68.97346513377329,False,False,34.134342100982835,False
2026-09-05 00:01:30,-60.3381465566214,False,False,36.22364416600546,False
2026-09-05 00:01:31,-68.06271001893423,False,False,37.992651079579524,False
2026-09-05 00:01:32,-65.12225508476372,False,False,39.016623714474726,False
2026-09-05 00:01:33,-70.65532429319553,False,False,39.82116272320273,False
2026-09-05 00:01:34,-63.13332461874395,False,False,40.66293403272924,False
2026-09-05 00:01:35,-72.92702989626423,False,False,39.19862184166791,False
2026-09-05 00:01:36,-54.78887705861377,False,False,37.0062721387376,False
2026-09-05 00:01:37,-56.69844418093702,False,False,26.195323003636368,False
2026-09-05 00:01:38,-69.98977308671508,False,False,11.434184236703327,False
2026-09-05 00:01:39,-70.4691742667503,False,False,19.54137699064691,False
2026-09-05 00:01:40,-72.83074148410083,False,False,19.63249853515113,False
2026-09-05 00:01:41,-70.84129064553072,False,False,20.549198882393192,False
2026-09-05 00:01:42,-70.68542903305354,False,False,20.27125230334449,False
2026-09-05 00:01:43,-71.60455453844324,False,False,19.65259443562949,False
2026-09-05 00:01:44,-70.32257142333202,False,False,19.107149385049407,False
2026-09-05 00:01:45,-69.19189828637093,False,False,19.366758569911873,False
2026-09-05 00:01:46,-59.77830292648393,False,False,19.656327353558652,False
2026-09-05 00:01:47,-69.65084437433632,False,False,12.668960727680131,False
2026-09-05 00:01:48,-60.06640887377715,False,False,13.693076165438232,False
2026-09-05 00:01:49,-70.14889183153234,False,False,4.970001419458145,False
2026-09-05 00:01:50,-73.83754243059808,False,False,10.007169877421475,False
2026-09-05 00:01:51,-70.05302775089844,False,False,7.531936598610898,False
2026-09-05 00:01:52,-69.87953958011795,False,False,8.679825228421652,False
2026-09-05 00:01:53,-65.07351577502942,False,False,8.852674082944686,False
2026-09-05 00:01:54,-70.38472192956225,False,False,11.98518948802378,False
2026-09-05 00:01:55,-69.39690531533277,False,False,11.399708830526993,False
2026-09-05 00:01:56,-70.0694235394105,False,False,11.850594798967865,False
2026-09-05 00:01:57,-72.33735607523906,False,False,13.328632524165645,False
2026-09-05 00:01:58,-67.71435437096996,False,False,12.189158541460921,False
2026-09-05 00:01:59,-62.26691513463673,False,False,12.579245129680134,False
2026-09-05 00:02:00,-68.41793610591391,False,False,9.520563525696396,False
2026-09-05 00:02:01,-71.81877490958948,False,False,11.206420274021573,False
2026-09-05 00:02:02,-67.1944113781278,False,False,19.072855410025692,False
2026-09-05 00:02:03,-61.51947383640784,False,False,20.57029198207017,False
2026-09-05 00:02:04,-68.82628581239946,False,False,17.893549743229226,False
2026-09-05 00:02:05,-65.61908874838004,False,False,19.15904947278529,False
2026-09-05 00:02:06,-71.98107265026138,False,False,39.24131383237359,False
2026-09-05 00:02:07,-71.13259545920555,False,False,39.00401468789754,False
2026-09-05 00:02:08,-69.80069726982472,False,False,38.866648827706875,False
2026-09-05 00:02:09,-71.0069513082324,False,False,38.72507298240744,False
2026-09-05 00:02:10,-73.10132686213227,False,False,39.4457559066301,False
2026-09-05 00:02:11,-59.094041300618485,False,False,36.674366070750736,False
2026-09-05 00:02:12,-72.1246074274522,False,False,44.48375716307432,True
2026-09-05 00:02:13,-63.898340861398864,False,False,45.84317625073433,True
2026-09-05 00:02:14,-71.8388484684676,False,False,45.44892101212726,True
2026-09-05 00:02:15,-53.76863130632678,False,True,44.638142963285034,True
2026-09-05 00:02:16,-71.56650658467247,False,False,24.977851476408976,False
2026-09-05 00:02:17,-70.64412303241136,False,False,32.547813270753,False
2026-09-05 00:02:18,-68.37296556526066,False,False,34.765871342711534,False
2026-09-05 00:02:19,-72.46172863286792,False,False,34.93266608790739,False
2026-09-05 00:02:20,-69.54508013079175,False,False,32.69376154149431,False
2026-09-05 00:02:21,-55.13093415128027,False,False,34.311524215309056,False
2026-09-05 00:02:22,-73.21496646912246,False,False,21.286070447008903,False
2026-09-05 00:02:23,-69.6307322829354,False,False,20.31470092848678,False
2026-09-05 00:02:24,-64.19452523426304,False,False,20.58952649181036,False
2026-09-05 00:02:25,-68.43635425644538,False,False,20.641880416541575,False
2026-09-05 00:02:26,-58.03394235465005,False,False,22.623424987682675,False
2026-09-05 00:02:27,-72.64091322616855,False,False,13.410540705277834,False
2026-09-05 00:02:28,-68.9561168687662,False,False,11.105166929443872,False
2026-09-05 00:02:29,-69.40603065353363,False,False,13.200230925548965,False
2026-09-05 00:02:30,-61.08881257674791,False,False,21.508945294416456,False
2026-09-05 00:02:31,-69.30710358100605,False,False,19.619598908073375,False
2026-09-05 00:02:32,-61.53194850987328,False,False,19.56667479289247,False
2026-09-05 00:02:33,-69.53549260567799,False,False,15.508097615029621,False
2026-09-05 00:02:34,-69.41385505340264,False,False,16.08003593990219,False
2026-09-05 00:02:35,-71.42870283605274,False,False,15.937320810068533,False
2026-09-05 00:02:36,-66.26845097771049,False,False,15.18555557782928,False
2026-09-05 00:02:37,-69.05233415817642,False,False,14.614006487271714,False
2026-09-05 00:02:38,-72.3826069944053,False,False,15.051714692549439,False
2026-09-05 00:02:39,-58.07104917306326,False,False,13.94213565085881,False
2026-09-05 00:02:40,-71.94936334045464,False,False,9.061408647440137,False
2026-09-05 00:02:41,-68.4258307925151,False,False,9.041860918539104,False
2026-09-05 00:02:42,-67.68280884198519,False,False,10.15404423180663,False
2026-09-05 00:02:43,-71.64136463670341,False,False,10.355641330934171,False
2026-09-05 00:02:44,-68.07324774151135,False,False,17.874048914474848,False
2026-09-05 00:02:45,-69.174438146127,False,False,24.72520335047311,False
2026-09-05 00:02:46,-68.35587968001101,False,False,24.67567779389555,False
2026-09-05 00:02:47,-66.2064140346921,False,False,26.03836070761775,False
2026-09-05 00:02:48,-70.49077623200574,False,False,25.890561151741498,False
2026-09-05 00:02:49,-60.7975566154552,False,False,25.581504651579444,False
2026-09-05 00:02:50,-71.77902885925104,False,False,22.15756602808287,False
2026-09-05 00:02:51,-71.63162056993087,False,False,20.30260884159527,False
2026-09-05 00:02:52,-70.1542034188282,False,False,20.413325786158573,False
2026-09-05 00:02:53,-58.60141911675505,False,False,22.34871872413722,False
2026-09-05 00:02:54,-58.62092930919185,False,False,17.710608135247362,False
2026-09-05 00:02:55,-68.34563350192795,False,False,9.453547586320484,False
2026-09-05 00:02:56,-69.97399621624419,False,False,9.645041507296407,False
2026-09-05 00:02:57,-67.09293184568537,False,False,26.116602990206083,False
2026-09-05 00:02:58,-70.52931366647591,False,False,26.816319062273458,False
2026-09-05 00:02:59,-64.55966166682076,False,False,27.948135640448964,False
2026-09-05 00:03:00,-68.74866530446998,False,False,27.35232079504589,False
2026-09-05 00:03:01,-71.71431511283257,False,False,27.693129718856333,False
2026-09-05 00:03:02,-72.14178499612223,False,False,25.94650708567375,False
2026-09-05 00:03:03,-61.750339410343386,False,False,24.4839158289994,False
2026-09-05 00:03:04,-70.4469255706517,False,False,22.843368744806014,False
2026-09-05 00:03:05,-68.57199901181582,False,False,22.6057559275732,False
2026-09-05 00:03:06,-54.81609343818643,False,False,31.427150357645463,False
2026-09-05 00:03:07,-70.14565782531375,False,False,14.866896094632528,False
2026-09-05 00:03:08,-71.69358743613681,False,False,15.138049397719808,False
2026-09-05 00:03:09,-67.07875797226444,False,False,14.672953005491081,False
2026-09-05 00:03:10,-70.89302990413404,False,False,14.972859543221116,False
2026-09-05 00:03:11,-68.28720241135305,False,False,20.344306170275992,False
2026-09-05 00:03:12,-69.5718125117396,False,False,27.25672765075995,False
2026-09-05 00:03:13,-72.49147755742398,False,False,40.98164679484207,False
2026-09-05 00:03:14,-69.65363814829763,False,False,37.33045096496754,False
2026-09-05 00:03:15,-58.33780146660444,False,False,37.62071148113385,False
2026-09-05 00:03:16,-71.76771487240227,False,False,33.40109473966007,False
2026-09-05 00:03:17,-69.69254978810895,False,False,30.058123213850497,False
2026-09-05 00:03:18,-69.883582563108,False,False,29.621982741618552,False
2026-09-05 00:03:19,-72.28594059566124,False,False,28.58420546619165,False
2026-09-05 00:03:20,-61.01753505398595,False,False,22.646432800190734,False
2026-09-05 00:03:21,-59.51598646362035,False,False,23.793026269951262,False
2026-09-05 00:03:22,-54.57858928018195,False,True,21.664003644507854,False
2026-09-05 00:03:23,-67.89239589593019,False,False,8.821735480141102,False
2026-09-05 00:03:24,-60.1956802466017,False,False,8.94464229508836,False
2026-09-05 00:03:25,-65.98044811186183,False,False,4.765083956331969,False
2026-09-05 00:03:26,-68.96992946558268,False,False,4.365183426899227,False
2026-09-05 00:03:27,-68.97242809817558,False,False,5.339257908713402,False
2026-09-05 00:03:28,-68.9699046273879,False,False,5.68918484015307,False
2026-09-05 00:03:29,-62.29453701869056,False,False,6.275879588825633,False
2026-09-05 00:03:30,-68.85821897861366,False,False,1.533986778068766,False
2026-09-05 00:03:31,-67.7288687196388,False,False,3.030027656908203,False
2026-09-05 00:03:32,-68.0919964730136,False,False,4.64442203851784,False
2026-09-05 00:03:33,-68.69721749738841,False,False,4.611269834579455,False
2026-09-05 00:03:34,-70.6305384892807,False,False,5.458733595666442,False
2026-09-05 00:03:35,-68.48206155901346,False,False,5.326943693613611,False
2026-09-05 00:03:36,-71.54565042907514,False,False,5.52125060821113,False
2026-09-05 00:03:37,-70.47363721348002,False,False,5.339325051713205,False
2026-09-05 00:03:38,-70.9707270956582,False,False,5.819650253223532,False
2026-09-05 00:03:39,-69.83625172122736,False,False,6.09038242165009,False
2026-09-05 00:03:40,-65.37068286665298,False,False,6.164130247814913,False
2026-09-05 00:03:41,-73.73453038518349,False,False,3.528478821696028,False
2026-09-05 00:03:42,-68.62747961925098,False,False,2.7307320739271694,False
2026-09-05 00:03:43,-73.2254317423793,False,False,2.471412544798236,False
2026-09-05 00:03:44,-70.94386373157887,False,False,1.7344699941477928,False
2026-09-05 00:03:45,-67.82209880606527,False,False,3.498108469248657,False
2026-09-05 00:03:46,-69.87143996180907,False,False,3.1946539268770056,False
2026-09-05 00:03:47,-72.15548955585861,False,False,4.8826008933554075,False
2026-09-05 00:03:48,-71.43060741851994,False,False,4.6526459097748525,False
2026-09-05 00:03:49,-68.64080450213065,False,False,4.447246221960015,False
2026-09-05 00:03:50,-71.46073326343428,False,False,4.333059295902052,False
2026-09-05 00:03:51,-69.56708282083605,False,False,4.5161687464193685,False
2026-09-05 00:03:52,-69.90885632019237,False,False,4.585418992486449,False
2026-09-05 00:03:53,-71.30320069521163,False,False,4.655370959660316,False
2026-09-05 00:03:54,-65.71211182134935,False,False,4.638084923779006,False
2026-09-05 00:03:55,-68.73216195536398,False,False,15.424508448683023,False
2026-09-05 00:03:56,-74.05028517331522,False,False,20.24532242124052,False
2026-09-05 00:03:57,-69.62709137046114,False,False,17.800417766429952,False
2026-09-05 00:03:58,-71.32357292953678,False,False,18.985836663920484,False
2026-09-05 00:03:59,-68.29513333040755,False,False,27.56714275462353,False
2026-09-05 00:04:00,-71.5850414768654,False,False,27.539472199539198,False
2026-09-05 00:04:01,-70.22947288293379,False,False,28.722321119095273,False
2026-09-05 00:04:02,-68.99002544203908,False,False,31.180429376562586,False
2026-09-05 00:04:03,-68.26848961165976,False,False,29.710525743772944,False
2026-09-05 00:04:04,-58.25617551923816,False,False,29.532929413235337,False
2026-09-05 00:04:05,-61.64625479736756,False,False,28.28026127084208,False
2026-09-05 00:04:06,-70.94989062232192,False,False,26.010889474166724,False
2026-09-05 00:04:07,-71.30665846514742,False,False,24.65327282430524,False
2026-09-05 00:04:08,-57.11174795100473,False,False,24.731045484402532,False
2026-09-05 00:04:09,-69.1900365780781,False,False,12.649775431314954,False
2026-09-05 00:04:10,-72.52176790867009,False,False,12.723227934473188,False
2026-09-05 00:04:11,-60.31739849044774,False,False,12.265489436222055,False
2026-09-05 00:04:12,-65.75568760597473,False,False,4.663809227086353,False
2026-09-05 00:04:13,-67.9350694788977,False,False,4.65435662686938,False
2026-09-05 00:04:14,-73.03873993190803,False,False,10.283002655338828,False
2026-09-05 00:04:15,-70.9684681457325,False,False,8.979828288704432,False
2026-09-05 00:04:16,-67.46617770162675,False,False,10.06898549123132,False
2026-09-05 00:04:17,-71.41533893123756,False,False,10.1927483501775,False
2026-09-05 00:04:18,-69.11236114370755,False,False,9.913876551070611,False
2026-09-05 00:04:19,-68.45073189314132,False,False,11.034625877848187,False
2026-09-05 00:04:20,-71.85386094315616,False,False,11.500199999225565,False
2026-09-05 00:04:21,-70.1190507121236,False,False,9.358797483334795,False
2026-09-05 00:04:22,-65.68487010579541,False,False,10.384556396351087,False
2026-09-05 00:04:23,-61.50576822418906,False,False,10.657700890051917,False
2026-09-05 00:04:24,-70.50513630278633,False,False,9.01124596532134,False
2026-09-05 00:04:25,-64.50543956783623,False,False,8.068455077959205,False
2026-09-05 00:04:26,-66.73517739213673,False,False,7.623020802882905,False
2026-09-05 00:04:27,-63.78145665395143,False,False,8.016671858222882,False
2026-09-05 00:04:28,-70.88008897339397,False,False,7.522327308670543,False
2026-09-05 00:04:29,-69.73851884542782,False,False,8.69126000148501,False
2026-09-05 00:04:30,-67.11745342186776,False,False,9.2221325952864,False
2026-09-05 00:04:31,-61.61188516317935,False,False,9.750270831175857,False
2026-09-05 00:04:32,-67.67367249569008,False,False,5.5323962331843495,False
2026-09-05 00:04:33,-69.97953387796083,False,False,5.510711277439031,False
2026-09-05 00:04:34,-65.90501370785451,False,False,6.829599255430121,False
2026-09-05 00:04:35,-69.07579305147345,False,False,25.130455332511247,False
2026-09-05 00:04:36,-69.60188060885307,False,False,28.751192735602807,False
2026-09-05 00:04:37,-71.20043375431759,False,False,29.89918526614027,False
2026-09-05 00:04:38,-63.16914720357819,False,False,29.070387255781963,False
2026-09-05 00:04:39,-70.77062719372353,False,False,27.000079051212197,False
2026-09-05 00:04:40,-69.77296530949751,False,False,27.36402226963413,False
2026-09-05 00:04:41,-68.67573865095791,False,False,37.463687003723564,False
2026-09-05 00:04:42,-66.8279663677093,False,False,37.79542109148318,False
2026-09-05 00:04:43,-72.4756309976537,False,False,40.16971930500888,False
2026-09-05 00:04:44,-54.42834090723009,False,False,39.95874141053773,False
2026-09-05 00:04:45,-73.904175599045,False,False,27.051259357032922,False
2026-09-05 00:04:46,-63.98613219375153,False,False,24.07557137680872,False
2026-09-05 00:04:47,-68.82336558703085,False,False,24.72479571470781,False
2026-09-05 00:04:48,-69.43801626452994,False,False,24.970548762408775,False
2026-09-05 00:04:49,-71.24539903964119,False,False,24.446791567469496,False
2026-09-05 00:04:50,-56.87758456546252,False,False,21.39446274704599,False
2026-09-05 00:04:51,-63.48517718017824,False,False,16.862189309082687,False
2026-09-05 00:04:52,-71.17872951388843,False,False,17.569242463300597,False
2026-09-05 00:04:53,-60.043000368501765,False,False,16.30460024250426,False
2026-09-05 00:04:54,-69.2859690280699,False,False,14.768183701988118,False
2026-09-05 00:04:55,-60.38696130999355,False,False,17.53341541292793,False
2026-09-05 00:04:56,-68.2008002491335,False,False,15.247182122810049,False
2026-09-05 00:04:57,-69.38540095824678,False,False,15.37720441109613,False
2026-09-05 00:04:58,-68.37427576232209,False,False,16.772173276475517,False
2026-09-05 00:04:59,-63.27671345600152,False,False,16.842341195211866,False
2026-09-05 00:05:00,-71.65799002184414,False,False,16.289370045703173,False
2026-09-05 00:05:01,-71.12036208039395,False,False,15.274053939983546,False
2026-09-05 00:05:02,-68.50541278975348,False,False,16.421112666080276,False
2026-09-05 00:05:03,-60.87203639292642,False,False,16.45460740678522,False
2026-09-05 00:05:04,-60.83847009360987,False,False,13.557132566468152,False
2026-09-05 00:05:05,-63.00494841183273,False,False,9.57004440329655,False
2026-09-05 00:05:06,-67.44467020842315,False,False,10.231597794003994,False
2026-09-05 00:05:07,-71.18314277767166,False,False,12.994536912716233,False
2026-09-05 00:05:08,-68.90580523765992,False,False,12.784911632703512,False
2026-09-05 00:05:09,-70.40438530486779,False,False,15.193215253777765,False
2026-09-05 00:05:10,-70.43536240645444,False,False,15.044778914243398,False
2026-09-05 00:05:11,-61.26097105266228,False,False,14.4021051565905,False
2026-09-05 00:05:12,-68.34916730202394,False,False,13.923342703074663,False
2026-09-05 00:05:13,-68.37298072799872,False,False,16.16781707251007,False
2026-09-05 00:05:14,-67.38904238569134,False,False,15.799957958200988,False
2026-09-05 00:05:15,-62.05918552139588,False,False,19.091148066551582,False
2026-09-05 00:05:16,-61.88998488758746,False,False,18.94422511498256,False
2026-09-05 00:05:17,-70.62053351318691,False,False,15.08374390794729,False
2026-09-05 00:05:18,-61.25607427989239,False,False,14.431619444631295,False
2026-09-05 00:05:19,-70.26028610873537,False,False,9.144709395930587,False
2026-09-05 00:05:20,-69.80600807001457,False,False,9.154964428773445,False
2026-09-05 00:05:21,-61.85222565364453,False,False,9.270349159909294,False
2026-09-05 00:05:22,-71.63644136646694,False,False,4.435871945560871,False
2026-09-05 00:05:23,-65.81522544862908,False,False,4.033828639441298,False
2026-09-05 00:05:24,-72.0120347629994,False,False,2.555100916317026,False
2026-09-05 00:05:25,-72.42837722557546,False,False,2.385252433636912,False
2026-09-05 00:05:26,-67.68377825299986,False,False,8.978750096061642,False
2026-09-05 00:05:27,-68.41667461207413,False,False,9.851799902724071,False
2026-09-05 00:05:28,-68.75176036589569,False,False,10.394326830109446,False
2026-09-05 00:05:29,-68.74330898147144,False,False,10.478300027949633,False
2026-09-05 00:05:30,-70.02449354569383,False,False,10.418471883709511,False
2026-09-05 00:05:31,-71.79450874297166,False,False,10.78446011934575,False
2026-09-05 00:05:32,-69.84839088361255,False,False,24.23598977606512,False
2026-09-05 00:05:33,-71.35432342302423,False,False,24.087170100521796,False
2026-09-05 00:05:34,-68.0497605331645,False,False,24.16177905254528,False
2026-09-05 00:05:35,-60.29113601906435,False,False,25.386317533590102,False
2026-09-05 00:05:36,-71.65099439358502,False,False,35.09306990459336,False
2026-09-05 00:05:37,-70.64277168330598,False,False,33.815641842022636,False
2026-09-05 00:05:38,-69.17413709144876,False,False,36.179830699399915,False
2026-09-05 00:05:39,-71.12744910560795,False,False,37.982857175996074,False
2026-09-05 00:05:40,-71.64444079113287,False,False,41.86366297040502,False
2026-09-05 00:05:41,-56.80570586941384,False,False,39.712290785468966,False
2026-09-05 00:05:42,-69.51006685778256,False,False,30.23509288368381,False
2026-09-05 00:05:43,-71.01388635074225,False,False,42.1319918163545,False
2026-09-05 00:05:44,-70.94207661123664,False,False,41.20961119285177,False
2026-09-05 00:05:45,-55.241824464582656,False,False,40.58515429778272,False
2026-09-05 00:05:46,-64.74811809378896,False,False,31.733549081110226,False
2026-09-05 00:05:47,-72.8149275487531,False,False,31.111985071005712,False
2026-09-05 00:05:48,-71.43688844250487,False,False,29.092383994667692,False
2026-09-05 00:05:49,-59.04145702940456,False,False,38.11921852919421,False
2026-09-05 00:05:50,-69.37818486880398,False,False,41.648019416072486,False
2026-09-05 00:05:51,-67.0492875661009,False,False,40.57182884187368,False
2026-09-05 00:05:52,-55.1657843179128,False,False,41.21795105499989,False
2026-09-05 00:05:53,-70.31987705992685,False,False,31.405127495892298,False
2026-09-05 00:05:54,-70.03803241580538,False,False,30.312320016699296,False
2026-09-05 00:05:55,-72.00505872927562,False,False,29.265661011615332,False
2026-09-05 00:05:56,-70.03702627198479,False,False,28.02502029069771,False
2026-09-05 00:05:57,-70.57731727784028,False,False,27.72031783263545,False
2026-09-05 00:05:58,-56.1380695405231,False,False,27.388931643874464,False
2026-09-05 00:05:59,-56.8053142269356,False,False,19.040449955555953,False
2026-09-05 00:06:00,-63.71924652729236,False,False,11.77844845142845,False
2026-09-05 00:06:01,-66.93452217399485,False,False,11.20346045092954,False
2026-09-05 00:06:02,-70.21752029691372,False,False,11.100054987518579,False
2026-09-05 00:06:03,-69.19657655580211,False,False,10.637244073258923,False
2026-09-05 00:06:04,-68.61971201657778,False,False,22.956268629148884,False
2026-09-05 00:06:05,-70.80244094377167,False,False,25.099614463038765,False
2026-09-05 00:06:06,-69.55181503637917,False,False,26.20141403008148,False
2026-09-05 00:06:07,-61.47896324059249,False,False,31.450682429054705,False
2026-09-05 00:06:08,-69.80464780290234,False,False,32.60597245210609,False
2026-09-05 00:06:09,-61.482514034902806,False,False,29.9587624597902,False
2026-09-05 00:06:10,-69.95097965148211,False,False,33.07849601506221,False
2026-09-05 00:06:11,-69.0040034175091,False,False,34.54454875002001,False
2026-09-05 00:06:12,-67.09771278440992,False,False,36.737903069972354,False
2026-09-05 00:06:13,-55.54465319239968,False,False,44.50705768524473,True
2026-09-05 00:06:14,-60.558462367979686,False,False,34.98544932142387,False
2026-09-05 00:06:15,-71.5346951257761,False,False,31.49435051666952,False
2026-09-05 00:06:16,-56.56352220456721,False,False,30.27283883939207,False
2026-09-05 00:06:17,-69.6333159885233,False,False,15.32313794972814,False
2026-09-05 00:06:18,-65.62039413356466,False,False,16.334242843799398,False
2026-09-05 00:06:19,-71.6165965707103,False,False,30.420331209227992,False
2026-09-05 00:06:20,-71.67944368436156,False,False,30.284120745803925,False
2026-09-05 00:06:21,-59.38961316471553,False,False,30.795156738944456,False
2026-09-05 00:06:22,-74.24779144861961,False,False,22.487540533897395,False
2026-09-05 00:06:23,-71.05151004336152,False,False,20.544468017814392,False
2026-09-05 00:06:24,-71.5182653231074,False,False,20.266623325625137,False
2026-09-05 00:06:25,-69.69921242704758,False,False,19.340700302155906,False
2026-09-05 00:06:26,-69.31648804844568,False,False,19.934669905899597,False
2026-09-05 00:06:27,-66.24765832156822,False,False,22.689927034118767,False
2026-09-05 00:06:28,-56.28455116937519,False,False,22.295713246250994,False
2026-09-05 00:06:29,-71.15380731132481,False,False,7.922436898852368,False
2026-09-05 00:06:30,-71.79682934269671,False,False,26.23949338337074,False
2026-09-05 00:06:31,-69.016161656987,False,False,27.95804316903955,False
2026-09-05 00:06:32,-72.64046641404128,False,False,29.22585342213087,False
2026-09-05 00:06:33,-66.3370824682913,False,False,27.535351972152093,False
2026-09-05 00:06:34,-67.64111975855742,False,False,26.93556700364008,False
2026-09-05 00:06:35,-70.9383513042094,False,False,27.373179316645313,False
2026-09-05 00:06:36,-73.42626905818176,False,False,41.380912184665746,False
2026-09-05 00:06:37,-67.29225525166918,False,False,40.04579418195221,False
2026-09-05 00:06:38,-64.25050966334074,False,False,41.29950365745371,False
2026-09-05 00:06:39,-54.80867011549482,False,False,41.170992243138926,False
2026-09-05 00:06:40,-73.18885531758873,False,False,21.930974715874576,False
2026-09-05 00:06:41,-71.19875004590754,False,False,33.87922621899073,False
2026-09-05 00:06:42,-69.98951260056363,False,False,35.00804225853436,False
2026-09-05 00:06:43,-69.90603881247051,False,False,37.64340678954818,False
2026-09-05 00:06:44,-70.90013094295848,False,False,37.372433343528726,False
2026-09-05 00:06:45,-55.575793501156674,False,False,36.15745374630734,False
2026-09-05 00:06:46,-72.13524085876519,False,False,20.783899720015015,False
2026-09-05 00:06:47,-70.28475897004259,False,False,43.92235897744198,True
2026-09-05 00:06:48,-69.7594087365762,False,False,43.676297752171436,True
2026-09-05 00:06:49,-68.9711223318825,False,False,43.08388936285817,False
2026-09-05 00:06:50,-56.252355652517736,False,False,47.19840294631602,True
2026-09-05 00:06:51,-72.24928418367574,False,False,36.26705651974541,False
2026-09-05 00:06:52,-73.06822834147124,False,False,33.05907439622712,False
2026-09-05 00:06:53,-67.44464635620298,False,False,30.561425504600443,False
2026-09-05 00:06:54,-69.33537197604082,False,False,42.450041618459736,False
2026-09-05 00:06:55,-71.49697307311311,False,False,40.02645767319828,False
2026-09-05 00:06:56,-52.3994039940913,False,True,35.63093015855526,False
2026-09-05 00:06:57,-69.76865073141428,False,False,26.152372764552695,False
2026-09-05 00:06:58,-67.64140563187235,False,False,25.031134851801628,False
2026-09-05 00:06:59,-59.87253396193203,False,False,24.92870245491645,False
2026-09-05 00:07:00,-65.87850415023603,False,False,25.943425147723552,False
2026-09-05 00:07:01,-66.4893183151136,False,False,26.56106948900508,False
2026-09-05 00:07:02,-70.49792829695815,False,False,29.30310522860616,False
2026-09-05 00:07:03,-54.19070320819773,False,False,29.46213072212877,False
2026-09-05 00:07:04,-63.37601610643463,False,False,13.591473685272756,False
2026-09-05 00:07:05,-67.26273688493531,False,False,11.653678199271074,False
2026-09-05 00:07:06,-71.9298469211602,False,False,11.457498991062833,False
2026-09-05 00:07:07,-68.62789708000312,False,False,10.163033308525437,False
2026-09-05 00:07:08,-67.88315102630082,False,False,12.516481392006618,False
2026-09-05 00:07:09,-73.51747897284623,False,False,14.83272663987467,False
2026-09-05 00:07:10,-64.3810377655099,False,False,14.067961674792372,False
2026-09-05 00:07:11,-61.21320548448429,False,False,12.686721315781751,False
2026-09-05 00:07:12,-70.53881366888912,False,False,7.250191442459196,False
2026-09-05 00:07:13,-68.56491548840808,False,False,9.767605633147575,False
2026-09-05 00:07:14,-66.99528589580794,False,False,9.538801415955824,False
2026-09-05 00:07:15,-69.85181043916045,False,False,9.076802350596163,False
2026-09-05 00:07:16,-66.74276890885741,False,False,9.274899467772025,False
2026-09-05 00:07:17,-72.76020291642978,False,False,8.126826167482674,False
2026-09-05 00:07:18,-73.4067648787103,False,False,10.780160628866748,False
2026-09-05 00:07:19,-63.82529961267655,False,False,10.297359924948777,False
2026-09-05 00:07:20,-69.23186910212138,False,False,8.474998231893501,False
2026-09-05 00:07:21,-70.06538949618819,False,False,26.89016806529246,False
2026-09-05 00:07:22,-74.13488420007975,False,False,26.382294519211776,False
2026-09-05 00:07:23,-70.17824007902557,False,False,24.23367280439571,False
2026-09-05 00:07:24,-72.6089390010097,False,False,24.159799449184135,False
2026-09-05 00:07:25,-68.66065490233993,False,False,22.49566412007358,False
2026-09-05 00:07:26,-69.2668035078063,False,False,23.658984017904842,False
2026-09-05 00:07:27,-64.12739851334348,False,False,24.189250884712372,False
2026-09-05 00:07:28,-65.66880632278406,False,False,23.40707098316672,False
2026-09-05 00:07:29,-72.1184270437779,False,False,23.4920549228446,False
2026-09-05 00:07:30,-55.30400635018484,False,False,24.009517002093435,False
2026-09-05 00:07:31,-68.08971535899752,False,False,5.8298708328805136,False
2026-09-05 00:07:32,-71.97145209267109,False,False,5.314451174865904,False
2026-09-05 00:07:33,-68.99190696896432,False,False,5.141755028592634,False
2026-09-05 00:07:34,-71.06051523674488,False,False,5.269685818656809,False
2026-09-05 00:07:35,-71.5857456645247,False,False,11.099136038079076,False
2026-09-05 00:07:36,-70.21406071990911,False,False,10.547465709287582,False
2026-09-05 00:07:37,-65.1755831858427,False,False,17.740265690921344,False
2026-09-05 00:07:38,-71.10729861069436,False,False,17.239064350474433,False
2026-09-05 00:07:39,-72.3957557851777,False,False,17.135513918961077,False
2026-09-05 00:07:40,-66.07054973416722,False,False,16.387728009792532,False
2026-09-05 00:07:41,-69.92947289605654,False,False,16.29185876678741,False
2026-09-05 00:07:42,-71.39945101598516,False,False,19.5218696636157,False
2026-09-05 00:07:43,-69.57204017853155,False,False,20.708291352148752,False
2026-09-05 00:07:44,-61.38304851984704,False,False,20.862994646809888,False
2026-09-05 00:07:45,-70.44193919906644,False,False,20.512715743428192,False
2026-09-05 00:07:46,-59.61952903306984,False,False,20.785242526974905,False
2026-09-05 00:07:47,-68.48498457990539,False,False,11.958730709884113,False
2026-09-05 00:07:48,-71.06100229522106,False,False,11.861540640759518,False
2026-09-05 00:07:49,-71.15163648128936,False,False,14.305683318789443,False
2026-09-05 00:07:50,-70.55010339430329,False,False,13.849622740510537,False
2026-09-05 00:07:51,-74.60384232947116,False,False,27.302805832865847,False
2026-09-05 00:07:52,-73.03038212439711,False,False,22.371464507845722,False
2026-09-05 00:07:53,-67.26625146511095,False,False,17.14204478213503,False
2026-09-05 00:07:54,-61.44848114976324,False,False,22.067832811581138,False
2026-09-05 00:07:55,-70.49807207911276,False,False,22.864195583853956,False
2026-09-05 00:07:56,-68.84688607388847,False,False,26.37245905830814,False
2026-09-05 00:07:57,-69.37749969091293,False,False,29.267240037004864,False
2026-09-05 00:07:58,-63.84223838308952,False,False,26.7741060074023,False
2026-09-05 00:07:59,-67.76085017713085,False,False,26.767008788286937,False
2026-09-05 00:08:00,-56.10725712375394,False,False,34.20826751496383,False
2026-09-05 00:08:01,-63.34717588820181,False,False,32.622169521716934,False
2026-09-05 00:08:02,-64.96583929793252,False,False,33.00436288000302,False
2026-09-05 00:08:03,-57.659253722117,False,False,35.65966115769383,False
2026-09-05 00:08:04,-59.87768079651603,False,False,29.036843245099597,False
2026-09-05 00:08:05,-72.84450741919535,False,False,24.79477287447216,False
2026-09-05 00:08:06,-71.29314576848505,False,False,21.39693253197108,False
2026-09-05 00:08:07,-63.78590456160661,False,False,22.544626027799833,False
2026-09-05 00:08:08,-66.62571672985487,False,False,22.9659012632657,False
2026-09-05 00:08:09,-54.28802847904589,False,False,24.903027861023492,False
2026-09-05 00:08:10,-70.01594528263324,False,False,6.601530267699131,False
2026-09-05 00:08:11,-67.04011172221995,False,False,16.660394626561402,False
2026-09-05 00:08:12,-69.84526338470477,False,False,16.882307815676786,False
2026-09-05 00:08:13,-63.960178986425085,False,False,18.99731168897366,False
2026-09-05 00:08:14,-66.95375184546069,False,False,17.174397748567763,False
2026-09-05 00:08:15,-68.92217991263068,False,False,17.407656912868973,False
2026-09-05 00:08:16,-72.0744923086529,False,False,17.496364923275966,False
2026-09-05 00:08:17,-70.38067735616721,False,False,17.285412050469365,False
2026-09-05 00:08:18,-71.75123650676952,False,False,17.941189053680667,False
2026-09-05 00:08:19,-72.76559946192867,False,False,17.031763785123708,False
2026-09-05 00:08:20,-58.64058432243286,False,False,16.302685027047684,False
2026-09-05 00:08:21,-66.18116671905975,False,False,8.347296873476902,False
2026-09-05 00:08:22,-72.79713514763829,False,False,7.320990606896181,False
2026-09-05 00:08:23,-68.87406152661886,False,False,6.534570853374033,False
2026-09-05 00:08:24,-65.75443893071,False,False,7.171435640465555,False
2026-09-05 00:08:25,-70.9742507675294,False,False,5.338418724017791,False
2026-09-05 00:08:26,-71.18478784847774,False,False,5.315020818057269,False
2026-09-05 00:08:27,-71.72798153935963,False,False,5.241451510067342,False
2026-09-05 00:08:28,-69.90295674411034,False,False,5.434310576640058,False
2026-09-05 00:08:29,-71.66190023282208,False,False,19.10432613223431,False
2026-09-05 00:08:30,-63.662547072236094,False,False,18.071675352519097,False
2026-09-05 00:08:31,-70.10047621889828,False,False,17.824763059478965,False
2026-09-05 00:08:32,-70.47789609373282,False,False,36.91027649118901,False
2026-09-05 00:08:33,-71.81512732408319,False,False,37.13863641760297,False
2026-09-05 00:08:34,-71.15354266113667,False,False,35.48872108416653,False
2026-09-05 00:08:35,-68.48921754834849,False,False,36.307686970792744,False
2026-09-05 00:08:36,-68.99816562475124,False,False,39.58892207840897,False
2026-09-05 00:08:37,-71.9551104895971,False,False,42.02995125895524,False
2026-09-05 00:08:38,-57.45823549931047,False,False,40.20205548835111,False
2026-09-05 00:08:39,-68.49722575325642,False,False,33.849586907721296,False
2026-09-05 00:08:40,-73.33881056224274,False,False,35.851629011895575,False
2026-09-05 00:08:41,-54.57058170060136,False,False,31.837649345738377,False
2026-09-05 00:08:42,-71.3252475178917,False,False,15.218032054534262,False
2026-09-05 00:08:43,-68.85880266281369,False,False,25.43501872067565,False
2026-09-05 00:08:44,-71.52651831308503,False,False,28.46808907458862,False
2026-09-05 00:08:45,-60.77047831680105,False,False,28.618667600897812,False
2026-09-05 00:08:46,-60.489510157914125,False,False,25.23827143124166,False
2026-09-05 00:08:47,-69.90383010667723,False,False,19.723219594391036,False
2026-09-05 00:08:48,-69.48055499655703,False,False,19.828629200034076,False
2026-09-05 00:08:49,-71.80863325020881,False,False,19.992326904987763,False
2026-09-05 00:08:50,-68.72281508244525,False,False,19.85983516466738,False
2026-09-05 00:08:51,-67.22667729918606,False,False,19.92339764442725,False
2026-09-05 00:08:52,-56.32334535954726,False,False,21.61636204586945,False
2026-09-05 00:08:53,-72.42203239952491,False,False,8.69741079551766,False
2026-09-05 00:08:54,-71.30367221560432,False,False,15.324637202161625,False
2026-09-05 00:08:55,-69.90520265736717,False,False,18.990754418601966,False
2026-09-05 00:08:56,-71.72082673056791,False,False,20.19461436238831,False
2026-09-05 00:08:57,-70.76911108845965,False,False,19.051264601911097,False
2026-09-05 00:08:58,-67.98741438157111,False,False,18.34146346810125,False
2026-09-05 00:08:59,-65.23393863233831,False,False,18.47796005627627,False
2026-09-05 00:09:00,-68.32861577586972,False,False,18.170859429542684,False
2026-09-05 00:09:01,-72.25941370931524,False,False,18.114473332839193,False
2026-09-05 00:09:02,-63.34559001308554,False,False,17.275144813217974,False
2026-09-05 00:09:03,-59.55005684218156,False,False,18.409596830310118,False
2026-09-05 00:09:04,-74.94328900025458,False,False,8.828304646761627,False
2026-09-05 00:09:05,-71.59379051094095,False,False,6.125176807578802,False
2026-09-05 00:09:06,-68.84585574563891,False,False,5.991499632076513,False
2026-09-05 00:09:07,-70.40609077208599,False,False,6.068045876712897,False
2026-09-05 00:09:08,-69.25770825325738,False,False,6.033206851129583,False
2026-09-05 00:09:09,-71.20797037343164,False,False,6.0181802229666035,False
2026-09-05 00:09:10,-69.8268204250542,False,False,5.885344804823697,False
2026-09-05 00:09:11,-70.31135447078415,False,False,5.92392335145672,False
2026-09-05 00:09:12,-62.32897716255881,False,False,6.885826528010272,False
2026-09-05 00:09:13,-69.49115831339758,False,False,9.818205833445138,False
2026-09-05 00:09:14,-69.3247946758496,False,False,17.76272308070142,False
2026-09-05 00:09:15,-70.82375393224494,False,False,17.741082896694785,False
2026-09-05 00:09:16,-70.97521244814499,False,False,18.026233666682153,False
2026-09-05 00:09:17,-70.86511637563925,False,False,21.0287578656398,False
2026-09-05 00:09:18,-69.2110957152434,False,False,22.6022476022536,False
2026-09-05 00:09:19,-70.84196896164053,False,False,22.122209605714335,False
2026-09-05 00:09:20,-69.42045028620717,False,False,22.129224487486514,False
2026-09-05 00:09:21,-65.84919840270912,False,False,25.649181825004895,False
2026-09-05 00:09:22,-60.27437315726164,False,False,25.78359417414605,False
2026-09-05 00:09:23,-59.19445528495535,False,False,23.650069333388505,False
2026-09-05 00:09:24,-67.59757215567211,False,False,19.14951225535628,False
2026-09-05 00:09:25,-70.8161507460431,False,False,18.977266525091657,False
2026-09-05 00:09:26,-74.07624907035571,False,False,22.27588302188069,False
2026-09-05 00:09:27,-61.57434113206679,False,False,21.26666171843528,False
2026-09-05 00:09:28,-64.62061815497057,False,False,33.65377774434437,False
2026-09-05 00:09:29,-70.70302696808261,False,False,37.75631033142249,False
2026-09-05 00:09:30,-59.26839809499079,False,False,36.8250294214245,False
2026-09-05 00:09:31,-66.64712537544943,False,False,31.574457573647578,False
2026-09-05 00:09:32,-69.34614525247167,False,False,31.811903403375016,False
2026-09-05 00:09:33,-70.43820105761773,False,False,48.75382385885312,True
2026-09-05 00:09:34,-68.34118883763303,False,False,50.71556429662012,True
2026-09-05 00:09:35,-74.42227061801577,False,False,51.79218450115625,True
2026-09-05 00:09:36,-61.30427278667637,False,False,45.69266783907959,True
2026-09-05 00:09:37,-54.174911892169845,False,False,44.584031897216185,True
2026-09-05 00:09:38,-72.95717249155969,False,False,33.56532415459391,False
2026-09-05 00:09:39,-67.71249191358615,False,False,29.85268827247698,False
2026-09-05 00:09:40,-69.32300718501118,False,False,29.984857512135516,False
2026-09-05 00:09:41,-70.8305758278016,False,False,28.564583893666583,False
2026-09-05 00:09:42,-53.82387118039656,False,False,29.012588015150563,False
2026-09-05 00:09:43,-59.412985636847786,False,False,17.929109081728644,False
2026-09-05 00:09:44,-69.63626748988301,False,False,13.204090926453777,False
2026-09-05 00:09:45,-69.50355882739933,False,False,28.493814392757365,False
2026-09-05 00:09:46,-63.05056432701018,False,False,30.372402576761953,False
2026-09-05 00:09:47,-71.69968873892958,False,False,31.256270409427657,False
2026-09-05 00:09:48,-68.3393283669115,False,False,31.854819676768063,False
2026-09-05 00:09:49,-64.83201047985484,False,False,32.87675600520093,False
2026-09-05 00:09:50,-64.77678611882338,False,False,42.13269207618408,False
2026-09-05 00:09:51,-70.95531489353023,False,False,92.5191822333749,True
2026-09-05 00:09:52,-60.02662296845439,False,False,113.04276178705508,True
2026-09-05 00:09:53,-69.3326757894261,False,False,141.21270080661503,True
2026-09-05 00:09:54,-53.50334094118426,False,False,147.86215098671846,True
2026-09-05 00:09:55,-71.02003279770949,False,False,160.00496086329014,True
2026-09-05 00:09:56,-70.53974987058675,False,False,158.6290679246328,True
2026-09-05 00:09:57,-71.95752743156461,False,False,150.88886236109641,True
2026-09-05 00:09:58,-70.88858652015222,False,False,94.2480480247999,True
2026-09-05 00:09:59,-56.480530200753634,False,False,31.775993584764272,False
2026-09-05 00:10:00,-42.32517007301064,True,False,43.64094464344432,False
2026-09-05 00:10:01,-45.91757547430238,True,False,44.46918953961962,True
2026-09-05 00:10:02,-43.58626305191271,True,False,41.55611619007186,False
2026-09-05 00:10:03,-44.90949423706137,True,False,42.94593228596372,False
2026-09-05 00:10:04,-44.92842211158346,True,False,46.17313459394705,True
2026-09-05 00:10:05,-38.63221252416936,True,False,46.731343607493166,True
2026-09-05 00:10:06,-33.8729591065607,True,True,47.15286684421904,True
2026-09-05 00:10:07,-48.44863460352798,True,False,39.147783787831315,False
2026-09-05 00:10:08,-48.18146313139671,True,False,36.799129064959715,False
2026-09-05 00:10:09,-26.478981549685773,True,True,34.41623433529697,False
2026-09-05 00:10:10,-44.64986710146933,True,False,5.924587930771454,False
2026-09-05 00:10:11,-43.25809350063807,True,False,5.596599290123998,False
2026-09-05 00:10:12,-43.69651571561488,True,False,10.506863937043025,False
2026-09-05 00:10:13,-48.90084125435526,True,False,10.466204184643518,False
2026-09-05 00:10:14,-38.82394661095278,True,False,9.547535963560726,False
2026-09-05 00:10:15,-45.35597771324609,True,False,30.98176012909992,False
2026-09-05 00:10:16,-45.049906050248616,True,False,32.388631557669385,False
2026-09-05 00:10:17,-45.07241979765478,True,False,32.26982483030416,False
2026-09-05 00:10:18,-43.09081191749183,True,False,34.76968640583358,False
2026-09-05 00:10:19,-44.77552979148487,True,False,33.95372484329546,False
2026-09-05 00:10:20,-45.57031347913971,True,False,35.792756932245396,False
2026-09-05 00:10:21,-37.34738059294072,True,True,130.58632266181368,True
2026-09-05 00:10:22,-42.23405593885505,True,False,173.61429560057513,True
2026-09-05 00:10:23,-38.019300193591874,True,False,186.64217253511748,True
2026-09-05 00:10:24,-27.08658136140648,True,True,214.88931810315847,True
2026-09-05 00:10:25,-47.04295608961648,True,False,174.25130619723978,True
2026-09-05 00:10:26,-36.12896901693958,True,True,169.90824407770583,True
2026-09-05 00:10:27,-46.0292143211588,True,False,122.13387148911954,True
2026-09-05 00:10:28,-44.2284242880761,True,False,96.9287238232784,True
2026-09-05 00:10:29,-45.41457063296457,True,False,65.36412109561115,True
2026-09-05 00:10:30,-73.38492925942964,False,False,22.749648978525833,False
2026-09-05 00:10:31,-66.94089936107878,False,False,20.636368193699017,False
2026-09-05 00:10:32,-60.49798137176856,False,False,20.31650692915193,False
2026-09-05 00:10:33,-70.85376213989484,False,False,14.40027331794283,False
2026-09-05 00:10:34,-72.02420875052033,False,False,22.255326602086125,False
2026-09-05 00:10:35,-64.32149807449098,False,False,26.863134026928225,False
2026-09-05 00:10:36,-68.35365883207618,False,False,27.85570808240272,False
2026-09-05 00:10:37,-60.29236879899728,False,False,34.78860520657411,False
2026-09-05 00:10:38,-72.57992179948211,False,False,41.221053242937586,False
2026-09-05 00:10:39,-72.59015754412724,False,False,38.879215288008396,False
2026-09-05 00:10:40,-70.67156939858026,False,False,38.40429903641192,False
2026-09-05 00:10:41,-66.66195694942121,False,False,36.6725468277792,False
2026-09-05 00:10:42,-70.5191827027272,False,False,46.80867490067677,True
2026-09-05 00:10:43,-59.13020261129667,False,False,47.30439603605038,True
2026-09-05 00:10:44,-58.70360390556944,False,False,49.23242335865638,True
2026-09-05 00:10:45,-70.54544713949534,False,False,44.28384801073336,True
2026-09-05 00:10:46,-75.39377328588314,False,False,44.21662088177581,True
2026-09-05 00:10:47,-56.56600911749624,False,False,36.006905101416166,False
2026-09-05 00:10:48,-70.46186906041736,False,False,30.852827479810493,False
2026-09-05 00:10:49,-60.77872817250951,False,False,29.440459414598728,False
2026-09-05 00:10:50,-66.30208781010931,False,False,28.76088559524892,False
2026-09-05 00:10:51,-54.41477306132647,False,False,31.16300072458415,False
2026-09-05 00:10:52,-70.53777738110966,False,False,15.553227767742058,False
2026-09-05 00:10:53,-72.21305181748335,False,False,15.098744427829297,False
2026-09-05 00:10:54,-64.85328039350028,False,False,14.253157724217507,False
2026-09-05 00:10:55,-60.1911626653114,False,False,13.92939443545147,False
2026-09-05 00:10:56,-69.97214141617411,False,False,5.646141835605856,False
2026-09-05 00:10:57,-70.04825017422,False,False,5.673448876329854,False
2026-09-05 00:10:58,-62.82973577725247,False,False,6.376001556489701,False
2026-09-05 00:10:59,-70.28872082384788,False,False,5.780685846167245,False
2026-09-05 00:11:00,-71.14732401376047,False,False,6.032466648034207,False
2026-09-05 00:11:01,-71.09371788248079,False,False,6.0832058067066,False
2026-09-05 00:11:02,-70.065506540432,False,False,8.40103561097488,False
2026-09-05 00:11:03,-71.08684954226753,False,False,8.367703978711482,False
2026-09-05 00:11:04,-71.42569156535433,False,False,9.931873286516838,False
2026-09-05 00:11:05,-69.78713954461621,False,False,10.792860544662018,False
2026-09-05 00:11:06,-70.50995443484172,False,False,11.673268940068246,False
2026-09-05 00:11:07,-66.99201402283462,False,False,12.680988020656713,False
2026-09-05 00:11:08,-63.24887319142675,False,False,12.598247344079171,False
2026-09-05 00:11:09,-67.81698629615508,False,False,8.946240762928735,False
2026-09-05 00:11:10,-67.50782961500474,False,False,9.257732577482368,False
2026-09-05 00:11:11,-74.1467804648163,False,False,19.383819636445235,False
2026-09-05 00:11:12,-70.68537518816069,False,False,17.72971673282161,False
2026-09-05 00:11:13,-64.1786125437754,False,False,18.1173566968054,False
2026-09-05 00:11:14,-72.81502338943564,False,False,23.17361047357461,False
2026-09-05 00:11:15,-71.55563337518176,False,False,24.970895693235654,False
2026-09-05 00:11:16,-72.22115169093166,False,False,24.39796706820155,False
2026-09-05 00:11:17,-66.49545911315275,False,False,23.034003852201348,False
2026-09-05 00:11:18,-68.12864321370508,False,False,25.43347845692689,False
2026-09-05 00:11:19,-67.45688981001169,False,False,25.395760948146457,False
2026-09-05 00:11:20,-58.901599206638735,False,False,25.825860839172584,False
2026-09-05 00:11:21,-72.25810354243445,False,False,20.791081901410262,False
2026-09-05 00:11:22,-71.04904053255954,False,False,18.422995236286013,False
2026-09-05 00:11:23,-60.03015737179687,False,False,24.32133976852716,False
2026-09-05 00:11:24,-60.27706976010748,False,False,21.374258835931386,False
2026-09-05 00:11:25,-61.74230786537229,False,False,17.52676682827721,False
2026-09-05 00:11:26,-70.48065079631627,False,False,14.815011855542258,False
2026-09-05 00:11:27,-70.7496416150992,False,False,14.037329365421106,False
2026-09-05 00:11:28,-68.57808006359302,False,False,15.074807021295602,False
2026-09-05 00:11:29,-69.11147337702792,False,False,25.372475943560687,False
2026-09-05 00:11:30,-70.72193233163816,False,False,26.046057045371963,False
2026-09-05 00:11:31,-67.6813403932715,False,False,26.461141173191805,False
2026-09-05 00:11:32,-57.33633742527776,False,False,26.891362527787646,False
2026-09-05 00:11:33,-68.76812878611148,False,False,15.932220274465843,False
2026-09-05 00:11:34,-68.81379748406323,False,False,17.2125708616325,False
2026-09-05 00:11:35,-70.61909287862798,False,False,25.90232080414941,False
2026-09-05 00:11:36,-69.34773395551576,False,False,28.738134742744272,False
2026-09-05 00:11:37,-72.5022271527706,False,False,31.088888309860653,False
2026-09-05 00:11:38,-57.55200924695062,False,False,29.160419086038097,False
2026-09-05 00:11:39,-70.36980427288597,False,False,22.036755532922605,False
2026-09-05 00:11:40,-71.04544604103808,False,False,21.646624270032596,False
2026-09-05 00:11:41,-67.90198154832622,False,False,21.11611584830809,False
2026-09-05 00:11:42,-71.40868738108551,False,False,21.386158526581447,False
2026-09-05 00:11:43,-72.81692259272712,False,False,21.353171327283516,False
2026-09-05 00:11:44,-59.442458375463566,False,False,27.843990467537235,False
2026-09-05 00:11:45,-61.72600930475669,False,False,22.439191241242717,False
2026-09-05 00:11:46,-72.56085870499257,False,False,18.906705038988488,False
2026-09-05 00:11:47,-66.49041163603127,False,False,17.567708714641782,False
2026-09-05 00:11:48,-74.16385881576744,False,False,17.402694477293863,False
2026-09-05 00:11:49,-66.60708726341993,False,False,14.090651978412405,False
2026-09-05 00:11:50,-69.57796506559477,False,False,14.290707529773059,False
2026-09-05 00:11:51,-70.19342622374079,False,False,29.04896627679481,False
2026-09-05 00:11:52,-71.0898381736179,False,False,32.328721743706936,False
2026-09-05 00:11:53,-58.16586989471381,False,False,34.26525471059215,False
2026-09-05 00:11:54,-64.45079409287462,False,False,25.496920858415656,False
2026-09-05 00:11:55,-67.79339623596695,False,False,23.41456200025931,False
2026-09-05 00:11:56,-69.77154470267593,False,False,23.374564776423576,False
2026-09-05 00:11:57,-69.69939647707625,False,False,23.712414947085,False
2026-09-05 00:11:58,-70.72722442442772,False,False,23.61133946276602,False
2026-09-05 00:11:59,-70.11389124744214,False,False,23.7328637015274,False
2026-09-05 00:12:00,-55.021992584143845,False,False,24.37175093964056,False
2026-09-05 00:12:01,-73.42033678531325,False,False,2.210199686272591,False
2026-09-05 00:12:02,-72.69637084421143,False,False,1.5181345871132368,False
2026-09-05 00:12:03,-68.51347181195457,False,False,1.0638114109568404,False
2026-09-05 00:12:04,-69.65826912374412,False,False,6.085764481825927,False
2026-09-05 00:12:05,-70.36796667270536,False,False,6.287173559631301,False
2026-09-05 00:12:06,-69.96313213386921,False,False,11.116329096569753,False
2026-09-05 00:12:07,-69.30483658927666,False,False,11.231266216263064,False
2026-09-05 00:12:08,-71.07951936061872,False,False,11.085030975819558,False
2026-09-05 00:12:09,-71.55660945080463,False,False,10.38221647229755,False
2026-09-05 00:12:10,-69.60830948980464,False,False,8.726041543791862,False
2026-09-05 00:12:11,-71.95674555523006,False,False,11.95542398151702,False
2026-09-05 00:12:12,-69.18349448857106,False,False,12.60838511547673,False
2026-09-05 00:12:13,-62.56196989084859,False,False,13.386418430995437,False
2026-09-05 00:12:14,-67.94168872534871,False,False,9.714976654305413,False
2026-09-05 00:12:15,-61.92753537387118,False,False,9.660464169213991,False
2026-09-05 00:12:16,-69.48794053137225,False,False,4.400760160166017,False
2026-09-05 00:12:17,-68.03461803210897,False,False,19.67550587051954,False
2026-09-05 00:12:18,-66.66905111107485,False,False,20.331432433322885,False
2026-09-05 00:12:19,-67.97125986996375,False,False,20.264420467363284,False
2026-09-05 00:12:20,-73.6817484626633,False,False,21.07370174204947,False
2026-09-05 00:12:21,-72.5591539334714,False,False,19.631735795897104,False
2026-09-05 00:12:22,-71.24963715539135,False,False,19.439506955082205,False
2026-09-05 00:12:23,-69.94781789957834,False,False,19.804833045380473,False
2026-09-05 00:12:24,-68.96468195906175,False,False,20.106922084320367,False
2026-09-05 00:12:25,-71.45148762630693,False,False,20.4864278523712,False
2026-09-05 00:12:26,-56.97767817016116,False,False,22.726260061402783,False
2026-09-05 00:12:27,-71.51076586470664,False,False,6.00619353759056,False
2026-09-05 00:12:28,-71.2230356059839,False,False,6.028888094664912,False
2026-09-05 00:12:29,-72.81332219369645,False,False,6.260650647758419,False
2026-09-05 00:12:30,-71.84646649222181,False,False,5.732073782119707,False
2026-09-05 00:12:31,-72.70336921123267,False,False,5.332012182942685,False
2026-09-05 00:12:32,-71.95174650595466,False,False,15.445899699778957,False
2026-09-05 00:12:33,-67.89271640678432,False,False,15.155057852644484,False
2026-09-05 00:12:34,-71.89879777766389,False,False,15.860650057535844,False
2026-09-05 00:12:35,-64.73523587032521,False,False,34.16475995359959,False
2026-09-05 00:12:36,-69.01336419823822,False,False,35.329194249533984,False
2026-09-05 00:12:37,-69.63032775261026,False,False,36.06584719031571,False
2026-09-05 00:12:38,-71.71671556036243,False,False,35.0989030619746,False
2026-09-05 00:12:39,-68.59938024118202,False,False,34.34165033599111,False
2026-09-05 00:12:40,-71.15127565247555,False,False,32.98741855854389,False
2026-09-05 00:12:41,-58.51225339147318,False,False,39.02399875734399,False
2026-09-05 00:12:42,-64.8798309234624,False,False,40.327909058069096,False
2026-09-05 00:12:43,-70.1921197994493,False,False,41.772839159804676,False
2026-09-05 00:12:44,-52.77374348230131,False,False,40.61382582614465,False
2026-09-05 00:12:45,-62.03775248468051,False,False,23.542534976057546,False
2026-09-05 00:12:46,-70.06997698099393,False,False,24.159702413568557,False
2026-09-05 00:12:47,-66.45839872872898,False,False,30.74727839370313,False
2026-09-05 00:12:48,-71.25393411557553,False,False,31.987701566908765,False
2026-09-05 00:12:49,-66.37510288400614,False,False,32.56104062267421,False
2026-09-05 00:12:50,-54.36462136943732,False,False,33.77180879418506,False
2026-09-05 00:12:51,-71.12493355178853,False,False,17.91775899575132,False
2026-09-05 00:12:52,-68.73518452188895,False,False,19.245699790889113,False
2026-09-05 00:12:53,-68.05489110074654,False,False,34.64165004072845,False
2026-09-05 00:12:54,-68.7563800755656,False,False,34.83420601571405,False
2026-09-05 00:12:55,-73.14044943978091,False,False,35.001922091959315,False
2026-09-05 00:12:56,-58.68094921082781,False,False,33.70491929656056,False
2026-09-05 00:12:57,-70.49503727110302,False,False,28.569054753348418,False
2026-09-05 00:12:58,-61.31095429913162,False,False,27.629091881445646,False
2026-09-05 00:12:59,-68.75865580489864,False,False,26.16013793381502,False
2026-09-05 00:13:00,-69.64459799813349,False,False,31.99159200691551,False
2026-09-05 00:13:01,-72.6706887174202,False,False,31.522478837712686,False
2026-09-05 00:13:02,-54.68320968075386,False,False,28.606479354636036,False
2026-09-05 00:13:03,-68.77882850943236,False,False,15.794450280189091,False
2026-09-05 00:13:04,-68.88041910413791,False,False,15.170942017188079,False
2026-09-05 00:13:05,-60.45416675935592,False,False,14.73293736923408,False
2026-09-05 00:13:06,-68.3321556909022,False,False,18.410281794668574,False
2026-09-05 00:13:07,-69.08163984154312,False,False,29.749285380559844,False
2026-09-05 00:13:08,-70.1403314229173,False,False,29.57596608020313,False
2026-09-05 00:13:09,-58.48460332706193,False,False,29.886223286013735,False
2026-09-05 00:13:10,-69.14076356173483,False,False,29.91479253297654,False
2026-09-05 00:13:11,-69.58462462567378,False,False,28.746542745421387,False
2026-09-05 00:13:12,-69.45684232560926,False,False,30.21481789436607,False
2026-09-05 00:13:13,-67.25613453869458,False,False,30.952634988581746,False
2026-09-05 00:13:14,-67.04878714877165,False,False,33.30276221955443,False
2026-09-05 00:13:15,-57.97011834803929,False,False,35.55550174150286,False
2026-09-05 00:13:16,-55.10328437825358,False,False,29.577307039574187,False
2026-09-05 00:13:17,-68.63699860525475,False,False,12.934912132734729,False
2026-09-05 00:13:18,-69.94336324773907,False,False,14.355844356462256,False
2026-09-05 00:13:19,-58.3217038405616,False,False,14.25192776110263,False
2026-09-05 00:13:20,-68.123432388048,False,False,4.276028087210765,False
2026-09-05 00:13:21,-71.03208945643475,False,False,4.261848835322857,False
2026-09-05 00:13:22,-69.80775844611803,False,False,4.058966656289268,False
2026-09-05 00:13:23,-70.92455057741009,False,False,4.40524003811918,False
2026-09-05 00:13:24,-70.86899245486462,False,False,4.200303659002417,False
2026-09-05 00:13:25,-70.61834424693728,False,False,4.139871570818723,False
2026-09-05 00:13:26,-69.55573245673257,False,False,5.538464606877219,False
2026-09-05 00:13:27,-64.72465796880283,False,False,14.46923031345201,False
2026-09-05 00:13:28,-67.48848774885296,False,False,13.068889962634234,False
2026-09-05 00:13:29,-71.78921460443901,False,False,13.19292319819345,False
2026-09-05 00:13:30,-70.37374328832271,False,False,12.51103889838183,False
2026-09-05 00:13:31,-70.87946211654835,False,False,12.59806005041609,False
2026-09-05 00:13:32,-67.10604423129253,False,False,11.836638969399313,False
2026-09-05 00:13:33,-69.60689044697685,False,False,12.449346848370043,False
2026-09-05 00:13:34,-67.93631092106273,False,False,12.967894134177069,False
2026-09-05 00:13:35,-72.97112074607395,False,False,13.844654057341595,False
2026-09-05 00:13:36,-59.15894757062627,False,False,11.57075264256893,False
2026-09-05 00:13:37,-68.22073840875312,False,False,3.412039599837718,False
2026-09-05 00:13:38,-69.83543202144915,False,False,4.0150398466537185,False
2026-09-05 00:13:39,-67.8690392498693,False,False,4.542812968257773,False
2026-09-05 00:13:40,-71.03457690020075,False,False,4.595964930120591,False
2026-09-05 00:13:41,-67.18130511962885,False,False,5.334029724319216,False
2026-09-05 00:13:42,-65.4022037527615,False,False,5.296172201019191,False
2026-09-05 00:13:43,-70.72567712087931,False,False,3.4195539096537595,False
2026-09-05 00:13:44,-70.89100504280154,False,False,3.4620517137640627,False
2026-09-05 00:13:45,-67.0932310457646,False,False,3.478163199085105,False
2026-09-05 00:13:46,-66.84085570853857,False,False,2.395397947887369,False
2026-09-05 00:13:47,-71.04572005430654,False,False,13.549763292980051,False
2026-09-05 00:13:48,-70.84037363419172,False,False,13.977100861032017,False
2026-09-05 00:13:49,-70.56356921772101,False,False,14.505697524414279,False
2026-09-05 00:13:50,-72.68890102206855,False,False,14.589455527774916,False
2026-09-05 00:13:51,-71.8373038929684,False,False,26.38545294044001,False
2026-09-05 00:13:52,-72.00828153350413,False,False,24.95030917615638,False
2026-09-05 00:13:53,-71.53559513020825,False,False,25.4609336519446,False
2026-09-05 00:13:54,-70.06936977477356,False,False,24.531561521166537,False
2026-09-05 00:13:55,-69.53157053492696,False,False,23.961337802496224,False
2026-09-05 00:13:56,-59.13971603487123,False,False,23.619790759483525,False
2026-09-05 00:13:57,-71.99670808147758,False,False,23.217649908826257,False
2026-09-05 00:13:58,-68.03135520304683,False,False,21.50472068859495,False
2026-09-05 00:13:59,-70.42797768845102,False,False,23.375791579161543,False
2026-09-05 00:14:00,-57.24223592052668,False,False,24.23834717230629,False
2026-09-05 00:14:01,-68.65036101566679,False,False,16.883534630193978,False
2026-09-05 00:14:02,-72.24544404312459,False,False,17.580366225394318,False
2026-09-05 00:14:03,-69.2351805076319,False,False,17.048009241393565,False
2026-09-05 00:14:04,-69.66709558357388,False,False,17.061087782755134,False
2026-09-05 00:14:05,-69.01509747198371,False,False,16.31786802700651,False
2026-09-05 00:14:06,-59.35709894181922,False,False,17.436740041912323,False
2026-09-05 00:14:07,-65.0893997201782,False,False,13.441788908940984,False
2026-09-05 00:14:08,-71.27547996850264,False,False,12.554104965956721,False
2026-09-05 00:14:09,-71.06199391000364,False,False,12.490709797594949,False
2026-09-05 00:14:10,-61.51748783074408,False,False,11.940963174834422,False
2026-09-05 00:14:11,-71.1109542383205,False,False,6.937886468211724,False
2026-09-05 00:14:12,-71.27477425461304,False,False,8.003638766236019,False
2026-09-05 00:14:13,-67.62196693778489,False,False,7.9100510008791005,False
2026-09-05 00:14:14,-67.15899150402029,False,False,20.139165365349562,False
2026-09-05 00:14:15,-71.14149258749896,False,False,21.577369161457742,False
2026-09-05 00:14:16,-62.29299065060669,False,False,21.809087191723517,False
2026-09-05 00:14:17,-69.05716888722719,False,False,19.731308983452067,False
2026-09-05 00:14:18,-71.10444608856194,False,False,19.440201455725525,False
2026-09-05 00:14:19,-68.73413636448898,False,False,18.0662304670593,False
2026-09-05 00:14:20,-69.5941539582974,False,False,18.183555666657135,False
2026-09-05 00:14:21,-73.03148822999447,False,False,18.649449546040998,False
2026-09-05 00:14:22,-66.90498959733988,False,False,17.37938427634507,False
2026-09-05 00:14:23,-56.96968474240326,False,False,17.461137015480613,False
2026-09-05 00:14:24,-63.50317195590833,False,False,6.066748967816142,False
2026-09-05 00:14:25,-70.77540311987197,False,False,9.525961227235987,False
2026-09-05 00:14:26,-69.42826921855018,False,False,9.406316096473512,False
2026-09-05 00:14:27,-69.33108642002595,False,False,10.096758265112333,False
2026-09-05 00:14:28,-68.68291145465435,False,False,10.474040335055268,False
2026-09-05 00:14:29,-65.9795909224673,False,False,10.866614898556842,False
2026-09-05 00:14:30,-70.3538944549881,False,False,10.335222129685132,False
2026-09-05 00:14:31,-71.5965944890769,False,False,10.181537949619642,False
2026-09-05 00:14:32,-67.04605512954679,False,False,9.832784723630267,False
2026-09-05 00:14:33,-71.46186007988383,False,False,11.126800439503215,False
2026-09-05 00:14:34,-60.74412206989736,False,False,9.718730203459604,False
2026-09-05 00:14:35,-66.41088427296442,False,False,10.511436881059096,False
2026-09-05 00:14:36,-64.87341685553145,False,False,10.562587668784419,False
2026-09-05 00:14:37,-69.5524240967222,False,False,10.327166378058038,False
2026-09-05 00:14:38,-70.03284579214551,False,False,11.132271606537879,False
2026-09-05 00:14:39,-67.62321345310383,False,False,10.48532179415886,False
2026-09-05 00:14:40,-64.94613514825275,False,False,10.267078316617255,False
2026-09-05 00:14:41,-71.06173754584064,False,False,27.561584389146105,False
2026-09-05 00:14:42,-70.97887888503645,False,False,26.29437096156848,False
2026-09-05 00:14:43,-67.91167824586185,False,False,24.550558437540612,False
2026-09-05 00:14:44,-59.925156109752,False,False,24.89513753924013,False
2026-09-05 00:14:45,-66.30658534852793,False,False,20.20190165063503,False
2026-09-05 00:14:46,-68.83214362934807,False,False,28.017853767677632,False
2026-09-05 00:14:47,-70.71858418157412,False,False,29.248189339280135,False
2026-09-05 00:14:48,-68.81869033861538,False,False,28.581485655016326,False
2026-09-05 00:14:49,-67.78259283883419,False,False,28.198365841382735,False
2026-09-05 00:14:50,-53.7427230713522,False,False,30.813823699110337,False
2026-09-05 00:14:51,-68.9854519377854,False,False,25.377991006392534,False
2026-09-05 00:14:52,-67.86665062082169,False,False,26.790260540566692,False
2026-09-05 00:14:53,-67.66140881910866,False,False,27.81379092553771,False
2026-09-05 00:14:54,-67.23568201792494,False,False,45.18807345469029,True
2026-09-05 00:14:55,-57.367939032463,False,False,46.38626846603322,True
2026-09-05 00:14:56,-70.33423616063371,False,False,39.965400884023936,False
2026-09-05 00:14:57,-69.70657262713335,False,False,42.684627449965625,False
2026-09-05 00:14:58,-67.58698206698328,False,False,41.65867953504936,False
2026-09-05 00:14:59,-71.63387134197447,False,False,45.95359334899263,True
2026-09-05 00:15:00,-55.96569653808356,False,False,42.81994527056394,False
2026-09-05 00:15:01,-70.78667762465471,False,False,36.56949315210826,False
2026-09-05 00:15:02,-69.94251035413036,False,False,35.855580697666134,False
2026-09-05 00:15:03,-52.86479410003264,False,True,35.56904617341444,False
2026-09-05 00:15:04,-69.6178018639602,False,False,16.85962808339969,False
2026-09-05 00:15:05,-69.9071269036877,False,False,16.898026787071032,False
2026-09-05 00:15:06,-72.71971228195984,False,False,16.60864890402373,False
2026-09-05 00:15:07,-68.50749286794556,False,False,13.787962453271044,False
2026-09-05 00:15:08,-59.62940561566057,False,False,14.013451901051795,False
2026-09-05 00:15:09,-65.67349055338909,False,False,10.247128621549688,False
2026-09-05 00:15:10,-60.06729850487294,False,False,10.40059861771178,False
2026-09-05 00:15:11,-69.56169934467212,False,False,3.6679074486288172,False
2026-09-05 00:15:12,-69.50123263257849,False,False,12.379936181338845,False
2026-09-05 00:15:13,-66.84509344047305,False,False,12.559295180295237,False
2026-09-05 00:15:14,-70.1905910647739,False,False,14.064190316814754,False
2026-09-05 00:15:15,-69.44195694845932,False,False,13.702182268144934,False
2026-09-05 00:15:16,-68.78420698056692,False,False,15.718028295117117,False
2026-09-05 00:15:17,-64.07568535428061,False,False,16.406326878492948,False
2026-09-05 00:15:18,-70.89286722910106,False,False,14.430695305534929,False
2026-09-05 00:15:19,-69.61182001420339,False,False,14.114161275606643,False
2026-09-05 00:15:20,-67.85273650028046,False,False,24.57619794236775,False
2026-09-05 00:15:21,-58.49714165806648,False,False,26.222046416507492,False
2026-09-05 00:15:22,-69.73406065170624,False,False,17.70479885211963,False
2026-09-05 00:15:23,-71.40024162987835,False,False,18.516989062168275,False
2026-09-05 00:15:24,-67.60990674215032,False,False,21.14590356156794,False
2026-09-05 00:15:25,-73.04637380956756,False,False,21.17213243950728,False
2026-09-05 00:15:26,-71.11784369454318,False,False,19.659958549555572,False
2026-09-05 00:15:27,-69.24557624987096,False,False,19.916507403313382,False
2026-09-05 00:15:28,-66.86895194153132,False,False,24.127635587738887,False
2026-09-05 00:15:29,-57.48506479600485,False,False,25.233478221385752,False
2026-09-05 00:15:30,-71.1103990533864,False,False,16.974915175116564,False
2026-09-05 00:15:31,-66.23768586111882,False,False,18.14069912683928,False
2026-09-05 00:15:32,-64.9729973352841,False,False,17.252115404882147,False
2026-09-05 00:15:33,-74.39761191324017,False,False,15.647095840473321,False
2026-09-05 00:15:34,-69.11997109989333,False,False,12.688464626481329,False
2026-09-05 00:15:35,-71.00410844870522,False,False,35.24607518240893,False
2026-09-05 00:15:36,-63.622238991781614,False,False,36.50794557769493,False
2026-09-05 00:15:37,-60.09726241097284,False,False,38.70393020471232,False
2026-09-05 00:15:38,-69.5123985724576,False,False,33.07215283960062,False
2026-09-05 00:15:39,-71.12815726147346,False,False,34.19005711338705,False
2026-09-05 00:15:40,-72.56060879734179,False,False,33.271287472568176,False
2026-09-05 00:15:41,-68.25508534343972,False,False,32.244864883438645,False
2026-09-05 00:15:42,-68.69959764408267,False,False,32.59086537998169,False
2026-09-05 00:15:43,-70.19835172755876,False,False,39.745320715422785,False
2026-09-05 00:15:44,-52.46910585332435,False,True,38.83455646721957,False
2026-09-05 00:15:45,-72.14016953265231,False,False,16.239417449718825,False
2026-09-05 00:15:46,-73.05105034184947,False,False,18.8399095333043,False
2026-09-05 00:15:47,-71.38381613976249,False,False,17.48903018822964,False
2026-09-05 00:15:48,-64.29027693599939,False,False,15.717005068136015,False
2026-09-05 00:15:49,-69.51332110135462,False,False,21.52142954866211,False
2026-09-05 00:15:50,-70.48247211571265,False,False,21.29210862516755,False
2026-09-05 00:15:51,-69.29588920697141,False,False,27.649975438092184,False
2026-09-05 00:15:52,-58.95567266246111,False,False,26.4771416432397,False
2026-09-05 00:15:53,-67.11247079185348,False,False,25.980704953578588,False
2026-09-05 00:15:54,-70.16430235678514,False,False,32.69453516964804,False
2026-09-05 00:15:55,-61.73027886676243,False,False,32.494110724353455,False
2026-09-05 00:15:56,-61.92231717058601,False,False,37.63589196673019,False
2026-09-05 00:15:57,-69.08649356169244,False,False,43.638076197904425,False
2026-09-05 00:15:58,-58.25647590133616,False,False,41.398507152688374,False
2026-09-05 00:15:59,-69.10458287996536,False,False,40.895365042115046,False
2026-09-05 00:16:00,-54.84513337143623,False,False,44.96991882239301,True
2026-09-05 00:16:01,-67.34169493973513,False,False,42.875459491294,False
2026-09-05 00:16:02,-69.60695766059706,False,False,42.48944296852517,False
2026-09-05 00:16:03,-55.809950011314456,False,False,41.82057838520212,False
2026-09-05 00:16:04,-70.17947138857446,False,False,34.45881564177452,False
2026-09-05 00:16:05,-56.01069034751709,False,False,34.82573183543832,False
2026-09-05 00:16:06,-71.35278460411854,False,False,24.12251597590008,False
2026-09-05 00:16:07,-66.39811913417837,False,False,23.88851976932633,False
2026-09-05 00:16:08,-70.08031590128869,False,False,26.472796728893332,False
2026-09-05 00:16:09,-72.8615502042361,False,False,27.70912405056423,False
2026-09-05 00:16:10,-55.785862441231366,False,False,41.07025958296234,False
2026-09-05 00:16:11,-66.22477143412398,False,False,46.18722743863445,True
2026-09-05 00:16:12,-68.31871290202255,False,False,46.31342617468675,True
2026-09-05 00:16:13,-71.30524795860478,False,False,48.32578337735774,True
2026-09-05 00:16:14,-70.89236686642955,False,False,47.745266443964766,True
2026-09-05 00:16:15,-73.77908146189107,False,False,46.623895817575686,True
2026-09-05 00:16:16,-70.90461263849815,False,False,45.08179795902441,True
2026-09-05 00:16:17,-74.84775865325791,False,False,54.80547154454469,True
2026-09-05 00:16:18,-73.16780564697144,False,False,48.336765415667145,True
2026-09-05 00:16:19,-56.77947144674484,False,False,45.4939008085134,True
2026-09-05 00:16:20,-53.76614242564014,False,False,37.333377122993795,False
2026-09-05 00:16:21,-69.14908487643007,False,False,16.61191016519073,False
2026-09-05 00:16:22,-71.93395228625843,False,False,18.813583824691605,False
2026-09-05 00:16:23,-70.09542271228396,False,False,18.38016983810612,False
2026-09-05 00:16:24,-70.00720507818113,False,False,23.187286012351144,False
2026-09-05 00:16:25,-72.31672937838509,False,False,24.13272752116472,False
2026-09-05 00:16:26,-57.198011025352166,False,False,23.496463190296488,False
2026-09-05 00:16:27,-68.24527541884866,False,False,10.58936661490799,False
2026-09-05 00:16:28,-70.44192834765933,False,False,10.158664925297893,False
2026-09-05 00:16:29,-69.94622832201094,False,False,10.376343431543093,False
2026-09-05 00:16:30,-69.5832343841049,False,False,10.578612302043819,False
2026-09-05 00:16:31,-74.08346973684858,False,False,10.783699983415003,False
2026-09-05 00:16:32,-70.4943547650412,False,False,7.962226871456265,False
2026-09-05 00:16:33,-61.63571224703257,False,False,7.944736980633041,False
2026-09-05 00:16:34,-72.00324001978983,False,False,10.565580001757926,False
2026-09-05 00:16:35,-70.5622005857719,False,False,9.035771373238898,False
2026-09-05 00:16:36,-66.40462694630095,False,False,8.629489488912252,False
2026-09-05 00:16:37,-68.71831427746598,False,False,8.635285533704277,False
2026-09-05 00:16:38,-71.14235797956559,False,False,8.357562159034783,False
2026-09-05 00:16:39,-68.85483443728768,False,False,7.1219695032671595,False
2026-09-05 00:16:40,-67.201289126828,False,False,8.223037045113655,False
2026-09-05 00:16:41,-68.15073263417446,False,False,8.187680599861222,False
2026-09-05 00:16:42,-69.88073926015966,False,False,13.285764290509931,False
2026-09-05 00:16:43,-59.85811132801295,False,False,21.403582229384686,False
2026-09-05 00:16:44,-68.60355337277282,False,False,19.922641389593807,False
2026-09-05 00:16:45,-69.2130292291565,False,False,19.943983727877235,False
2026-09-05 00:16:46,-68.20961355994453,False,False,20.140562271944777,False
2026-09-05 00:16:47,-68.72965639663606,False,False,21.406028401817018,False
2026-09-05 00:16:48,-67.90089456936133,False,False,22.641146853009154,False
2026-09-05 00:16:49,-71.07047042312114,False,False,23.612447577744884,False
2026-09-05 00:16:50,-67.36521186873135,False,False,33.933777457672306,False
2026-09-05 00:16:51,-60.23132506628925,False,False,35.95643203754066,False
2026-09-05 00:16:52,-56.78837844972389,False,False,35.70867808524249,False
2026-09-05 00:16:53,-71.37837563617913,False,False,26.20757045644961,False
2026-09-05 00:16:54,-66.5280723936695,False,False,24.780686041569147,False
2026-09-05 00:16:55,-69.60417843307471,False,False,24.250770320092045,False
2026-09-05 00:16:56,-71.30283600722889,False,False,24.12071626170971,False
2026-09-05 00:16:57,-70.96777166810864,False,False,26.40910486611627,False
2026-09-05 00:16:58,-70.64069461638864,False,False,25.381902045767742,False
2026-09-05 00:16:59,-55.70375072853706,False,False,24.047686078697925,False
2026-09-05 00:17:00,-61.03844774231743,False,False,17.594802487369243,False
2026-09-05 00:17:01,-71.14740000787715,False,False,14.631577782428455,False
2026-09-05 00:17:02,-70.04870918452197,False,False,16.624771424641317,False
2026-09-05 00:17:03,-65.71545928277627,False,False,16.100178905139337,False
2026-09-05 00:17:04,-66.54491365979858,False,False,15.51515032395585,False
2026-09-05 00:17:05,-69.12735266065194,False,False,15.938312026353099,False
2026-09-05 00:17:06,-60.09387448817981,False,False,16.315647652563666,False
2026-09-05 00:17:07,-69.75993734656348,False,False,9.704813654777869,False
2026-09-05 00:17:08,-62.04850016480058,False,False,10.768530659053656,False
2026-09-05 00:17:09,-72.04558513039682,False,False,4.017965719840745,False
2026-09-05 00:17:10,-70.5147530748467,False,False,4.17765677701393,False
2026-09-05 00:17:11,-73.33716814775518,False,False,5.2368560204032795,False
2026-09-05 00:17:12,-69.20155375478944,False,False,4.342308543061295,False
2026-09-05 00:17:13,-68.70560812059452,False,False,4.723676241616243,False
2026-09-05 00:17:14,-70.96637292459874,False,False,4.631796031491844,False
2026-09-05 00:17:15,-66.85202647341994,False,False,4.425933920875469,False
2026-09-05 00:17:16,-72.45153132600468,False,False,3.8274430401657282,False
2026-09-05 00:17:17,-72.92874976041963,False,False,2.9672749874162143,False
2026-09-05 00:17:18,-69.55109636288006,False,False,3.187502666097148,False
2026-09-05 00:17:19,-67.90580339477569,False,False,22.27291930028138,False
2026-09-05 00:17:20,-66.63214461708426,False,False,22.279750057444907,False
2026-09-05 00:17:21,-70.91776852573788,False,False,23.07422088597601,False
2026-09-05 00:17:22,-67.84263833313742,False,False,22.727392584925706,False
2026-09-05 00:17:23,-70.07701693900141,False,False,22.654008300334887,False
2026-09-05 00:17:24,-70.34525459988164,False,False,22.209641866928582,False
2026-09-05 00:17:25,-68.23268012502666,False,False,22.652841849216145,False
2026-09-05 00:17:26,-68.69535424317316,False,False,23.93080382870189,False
2026-09-05 00:17:27,-73.1527843139685,False,False,35.58742160734467,False
2026-09-05 00:17:28,-54.70464128868738,False,False,31.32417791586554,False
2026-09-05 00:17:29,-67.2398172917051,False,False,26.978261490858575,False
2026-09-05 00:17:30,-64.80532830062322,False,False,33.87342312710284,False
2026-09-05 00:17:31,-69.20839293312518,False,False,34.483374359129485,False
2026-09-05 00:17:32,-69.01193962743453,False,False,43.216378354178964,False
2026-09-05 00:17:33,-69.47865246835218,False,False,42.53891535211433,False
2026-09-05 00:17:34,-71.10061030769084,False,False,46.14779231643632,True
2026-09-05 00:17:35,-71.34324673587611,False,False,45.53178468991079,True
2026-09-05 00:17:36,-56.25181250559916,False,False,46.89573963409346,True
2026-09-05 00:17:37,-67.65454196148127,False,False,36.79978299373299,False
2026-09-05 00:17:38,-56.7601288657187,False,False,36.82687392568326,False
2026-09-05 00:17:39,-57.63686280801596,False,False,34.38006716488764,False
2026-09-05 00:17:40,-68.45660257870331,False,False,21.544211589818183,False
2026-09-05 00:17:41,-75.69708524126015,False,False,21.88885114264296,False
2026-09-05 00:17:42,-67.7024685992558,False,False,22.614856836466647,False
2026-09-05 00:17:43,-73.47942755755619,False,False,38.459339440801536,False
2026-09-05 00:17:44,-70.72488188280626,False,False,37.45785337642296,False
2026-09-05 00:17:45,-72.23933978925228,False,False,36.5106744577702,False
2026-09-05 00:17:46,-72.58936295144181,False,False,35.38719722566583,False
2026-09-05 00:17:47,-67.67834642524296,False,False,30.977321987647088,False
2026-09-05 00:17:48,-57.80927601174206,False,False,33.289484094438414,False
2026-09-05 00:17:49,-69.30699223653856,False,False,31.229497180364586,False
2026-09-05 00:17:50,-70.09384115775836,False,False,30.911936606546185,False
2026-09-05 00:17:51,-61.91697579895382,False,False,31.445267356999853,False
2026-09-05 00:17:52,-54.88338817542723,False,False,31.33552914721695,False
2026-09-05 00:17:53,-72.56598444837714,False,False,15.07534656550593,False
2026-09-05 00:17:54,-68.00746636110571,False,False,13.530743378994512,False
2026-09-05 00:17:55,-70.98751316632263,False,False,17.682866582109554,False
2026-09-05 00:17:56,-64.18934278799229,False,False,17.104007476100836,False
2026-09-05 00:17:57,-70.85623032193182,False,False,22.508991617898094,False
2026-09-05 00:17:58,-59.0743295798889,False,False,25.532777833321397,False
2026-09-05 00:17:59,-68.29955651577302,False,False,24.88586467370695,False
2026-09-05 00:18:00,-70.69730426881571,False,False,27.001961423339047,False
2026-09-05 00:18:01,-70.69851540863685,False,False,26.27386274656061,False
2026-09-05 00:18:02,-70.64327010243477,False,False,25.428857458370157,False
2026-09-05 00:18:03,-65.84650403287831,False,False,22.495958469432875,False
2026-09-05 00:18:04,-61.07608186687296,False,False,26.45715334479231,False
2026-09-05 00:18:05,-63.78225427546851,False,False,27.047950933033366,False
2026-09-05 00:18:06,-58.664376054802645,False,False,29.82776755706131,False
2026-09-05 00:18:07,-57.639114058620194,False,False,26.548430971135254,False
2026-09-05 00:18:08,-59.5210401575604,False,False,22.424001194351376,False
2026-09-05 00:18:09,-70.39269969816996,False,False,14.507969350343686,False
2026-09-05 00:18:10,-58.33270140152368,False,False,14.233570816363445,False
2026-09-05 00:18:11,-70.07444447301968,False,False,2.547007406668541,False
2026-09-05 00:18:12,-68.54474091272604,False,False,6.230035805478756,False
2026-09-05 00:18:13,-69.8961082283854,False,False,7.827515302501977,False
2026-09-05 00:18:14,-68.53471984556884,False,False,7.6301489193411935,False
2026-09-05 00:18:15,-70.16143316021717,False,False,7.841206228486546,False
2026-09-05 00:18:16,-69.84272961936782,False,False,8.49392956029372,False
2026-09-05 00:18:17,-73.99640136906422,False,False,8.677221591218997,False
2026-09-05 00:18:18,-68.16734465059504,False,False,14.449412578002484,False
2026-09-05 00:18:19,-69.30702304820402,False,False,15.034488259476152,False
2026-09-05 00:18:20,-68.0039797802807,False,False,15.904515663694472,False
2026-09-05 00:18:21,-75.79251075638737,False,False,16.283123137746312,False
2026-09-05 00:18:22,-65.82325059043855,False,False,20.638110288988933,False
2026-09-05 00:18:23,-70.27917925631034,False,False,30.192859969649202,False
2026-09-05 00:18:24,-67.78363436652496,False,False,29.448406670342212,False
2026-09-05 00:18:25,-72.07981185425106,False,False,30.920729444065536,False
2026-09-05 00:18:26,-68.77445218987486,False,False,28.27867513912802,False
2026-09-05 00:18:27,-60.2524259026344,False,False,26.927145002582638,False
2026-09-05 00:18:28,-71.24753792139161,False,False,25.08072562894399,False
2026-09-05 00:18:29,-66.17193729226642,False,False,23.969413182261324,False
2026-09-05 00:18:30,-70.38136480152669,False,False,24.23670479050249,False
2026-09-05 00:18:31,-57.48977987618611,False,False,34.07233262096953,False
2026-09-05 00:18:32,-56.72696912960887,False,False,28.26660732150097,False
2026-09-05 00:18:33,-69.0086362240548,False,False,19.217657319428277,False
2026-09-05 00:18:34,-69.69916218971285,False,False,23.70451003572699,False
2026-09-05 00:18:35,-69.27007799506755,False,False,22.042258345961784,False
2026-09-05 00:18:36,-65.19316882952344,False,False,24.89725828148625,False
2026-09-05 00:18:37,-70.11523759406717,False,False,25.84513002847421,False
2026-09-05 00:18:38,-69.59780190657007,False,False,26.75493225880148,False
2026-09-05 00:18:39,-67.89869120798478,False,False,26.817133674540592,False
2026-09-05 00:18:40,-54.72398867303159,False,False,27.501265154046763,False
2026-09-05 00:18:41,-67.62593938887925,False,False,10.708444993050424,False
2026-09-05 00:18:42,-68.72253955594164,False,False,10.690555843735483,False
2026-09-05 00:18:43,-59.79443159369565,False,False,11.091040909895337,False
2026-09-05 00:18:44,-66.73313693539781,False,False,2.763045956510175,False
2026-09-05 00:18:45,-72.29269078603738,False,False,2.1127955050653906,False
2026-09-05 00:18:46,-69.39472906952193,False,False,1.595195619999168,False
2026-09-05 00:18:47,-71.50855170003872,False,False,1.7163683946145478,False
2026-09-05 00:18:48,-70.12827669318598,False,False,2.2544966016638215,False
2026-09-05 00:18:49,-69.34247517939303,False,False,2.282832556912476,False
2026-09-05 00:18:50,-69.35728556909946,False,False,2.2269308861144,False
2026-09-05 00:18:51,-69.15615849152942,False,False,2.339472199947613,False
2026-09-05 00:18:52,-66.7725774618827,False,False,2.7600857879032272,False
2026-09-05 00:18:53,-69.09293139697203,False,False,14.04966763950228,False
2026-09-05 00:18:54,-70.4883132705813,False,False,14.233531586690116,False
2026-09-05 00:18:55,-68.07182566342328,False,False,14.510188298343024,False
2026-09-05 00:18:56,-67.62105902215072,False,False,15.02448585314282,False
2026-09-05 00:18:57,-72.45521563027398,False,False,15.860650109994378,False
2026-09-05 00:18:58,-68.80519986030028,False,False,16.056086991463093,False
2026-09-05 00:18:59,-68.59765451537821,False,False,16.425139310882482,False
2026-09-05 00:19:00,-70.59512700671998,False,False,22.67443817780759,False
2026-09-05 00:19:01,-67.24858637337677,False,False,23.796499485481043,False
2026-09-05 00:19:02,-57.69699466302082,False,False,27.88978360319092,False
2026-09-05 00:19:03,-69.74884709305691,False,False,14.917272065716867,False
2026-09-05 00:19:04,-70.34614364856773,False,False,15.046527454182065,False
2026-09-05 00:19:05,-69.96884190483706,False,False,35.63867020055763,False
2026-09-05 00:19:06,-72.19255017379041,False,False,49.5116321230886,True
2026-09-05 00:19:07,-72.88010176518858,False,False,49.36673698302207,True
2026-09-05 00:19:08,-66.81098987355006,False,False,45.19306358818025,True
2026-09-05 00:19:09,-60.13762857549349,False,False,45.71648702426198,True
2026-09-05 00:19:10,-71.98278469891261,False,False,43.639660213729584,False
2026-09-05 00:19:11,-74.30678022720743,False,False,40.31319192958221,False
2026-09-05 00:19:12,-71.277923495379,False,False,42.09646354270107,False
2026-09-05 00:19:13,-72.646179586815,False,False,44.38722640047304,True
2026-09-05 00:19:14,-54.97399345107797,False,False,45.90713734285385,True
2026-09-05 00:19:15,-56.11170088396564,False,False,36.63387086947204,False
2026-09-05 00:19:16,-61.78127802465227,False,False,35.833807067575975,False
2026-09-05 00:19:17,-65.49512838931139,False,False,34.03951955606802,False
2026-09-05 00:19:18,-68.03646902601682,False,False,34.93381890766951,False
2026-09-05 00:19:19,-70.64966276701725,False,False,35.54459461111746,False
2026-09-05 00:19:20,-66.81529120838704,False,False,33.819507310730884,False
2026-09-05 00:19:21,-55.196849920496746,False,False,34.088086751150044,False
2026-09-05 00:19:22,-72.77914493352719,False,False,34.890432038863075,False
2026-09-05 00:19:23,-73.29079749391379,False,False,32.16928643910954,False
2026-09-05 00:19:24,-67.95485913598073,False,False,28.87557910745345,False
2026-09-05 00:19:25,-56.12451007111277,False,False,31.862301294862824,False
2026-09-05 00:19:26,-67.23145436297897,False,False,21.107382290333113,False
2026-09-05 00:19:27,-68.87218175989528,False,False,24.506484556255167,False
2026-09-05 00:19:28,-68.81049131666943,False,False,25.15694936230421,False
2026-09-05 00:19:29,-68.29316888243939,False,False,28.336419311636075,False
2026-09-05 00:19:30,-68.48214282042647,False,False,30.39225979057202,False
2026-09-05 00:19:31,-54.7579191843617,False,False,44.508953269931155,True
2026-09-05 00:19:32,-69.79159779209625,False,False,30.163437298553994,False
2026-09-05 00:19:33,-70.12518625579905,False,False,33.89575335364926,False
2026-09-05 00:19:34,-71.50792917773336,False,False,37.38054778742165,False
2026-09-05 00:19:35,-63.31765839674868,False,False,37.72984852779087,False
2026-09-05 00:19:36,-73.38591362839077,False,False,36.269443201796854,False
2026-09-05 00:19:37,-70.1966792535895,False,False,35.47277792551456,False
2026-09-05 00:19:38,-61.78555181855643,False,False,35.899903925227505,False
2026-09-05 00:19:39,-72.20717863443154,False,False,41.65234903638475,False
2026-09-05 00:19:40,-54.92504812965166,False,False,41.85489954089261,False
2026-09-05 00:19:41,-67.2159954273108,False,False,35.20422310060781,False
2026-09-05 00:19:42,-60.07867466216851,False,False,39.7851650118409,False
2026-09-05 00:19:43,-73.14100120724635,False,False,36.56932232353835,False
2026-09-05 00:19:44,-71.97925627314068,False,False,33.71947721250703,False
2026-09-05 00:19:45,-68.11845762402356,False,False,34.726134994342104,False
2026-09-05 00:19:46,-60.12620737544355,False,False,34.97274163038882,False
2026-09-05 00:19:47,-70.44926629999405,False,False,29.53415362364378,False
2026-09-05 00:19:48,-57.21484679044106,False,False,29.111591588883517,False
2026-09-05 00:19:49,-71.93668890972727,False,False,25.26298525779712,False
2026-09-05 00:19:50,-58.33165606509502,False,False,32.21248073241005,False
2026-09-05 00:19:51,-72.6680509898364,False,False,24.261142302012384,False
2026-09-05 00:19:52,-71.20273528790243,False,False,23.376219963391488,False
2026-09-05 00:19:53,-69.36043613171492,False,False,22.531456455422834,False
2026-09-05 00:19:54,-73.18598746706334,False,False,21.857369310999243,False
2026-09-05 00:19:55,-69.1190505240792,False,False,19.210665827525723,False
2026-09-05 00:19:56,-70.03927559785336,False,False,19.664486328948005,False
2026-09-05 00:19:57,-68.8950200911657,False,False,20.583366851912483,False
2026-09-05 00:19:58,-59.065828679924834,False,False,21.765226422841938,False
2026-09-05 00:19:59,-58.385396236063926,False,False,14.419367807878283,False
2026-09-05 00:20:00,-69.74955099470418,False,False,2.4915790604534154,False
2026-09-05 00:20:01,-70.85881108225051,False,False,2.941185571845803,False
2026-09-05 00:20:02,-69.75540499393543,False,False,3.164163364718079,False
2026-09-05 00:20:03,-68.91340394192723,False,False,3.281562195988151,False
2026-09-05 00:20:04,-69.9022798593486,False,False,3.394172413359906,False
2026-09-05 00:20:05,-69.91881661759224,False,False,3.267750746813326,False
2026-09-05 00:20:06,-71.4039833756135,False,False,4.245612592434264,False
2026-09-05 00:20:07,-71.3258018351019,False,False,4.2884051159273096,False
2026-09-05 00:20:08,-72.80521054359939,False,False,10.517681401259614,False
2026-09-05 00:20:09,-66.50084651362612,False,False,9.917934779498108,False
2026-09-05 00:20:10,-72.48772647078258,False,False,10.460734480136432,False
2026-09-05 00:20:11,-71.38581039559182,False,False,10.534463766295218,False
2026-09-05 00:20:12,-71.4368145311384,False,False,9.868772595384332,False
2026-09-05 00:20:13,-68.21015124611112,False,False,9.144267648599213,False
2026-09-05 00:20:14,-70.58989935658406,False,False,9.04644139596626,False
2026-09-05 00:20:15,-67.50451585465254,False,False,14.490636209700398,False
2026-09-05 00:20:16,-71.34698124848774,False,False,15.11014266743255,False
2026-09-05 00:20:17,-61.79551662556478,False,False,14.573696906561256,False
2026-09-05 00:20:18,-71.67069410651952,False,False,10.729308079442283,False
2026-09-05 00:20:19,-65.70970174445323,False,False,9.538320145186123,False
2026-09-05 00:20:20,-72.37519683805903,False,False,9.400436368599822,False
2026-09-05 00:20:21,-69.38035857954594,False,False,8.706338982584361,False
2026-09-05 00:20:22,-68.73244623813581,False,False,10.626738005058737,False
2026-09-05 00:20:23,-69.17240180509701,False,False,10.857982220184436,False
2026-09-05 00:20:24,-60.56949703823255,False,False,11.954150188298257,False
2026-09-05 00:20:25,-70.25964139946686,False,False,5.652504877283064,False
2026-09-05 00:20:26,-69.91237705604178,False,False,6.4297688659031165,False
2026-09-05 00:20:27,-70.29400400325697,False,False,6.927051488036137,False
2026-09-05 00:20:28,-68.07224176641019,False,False,7.149271683023673,False
2026-09-05 00:20:29,-65.57895399681729,False,False,7.1926779311699915,False
2026-09-05 00:20:30,-71.11498357001567,False,False,6.477882184028933,False
2026-09-05 00:20:31,-72.73960595915815,False,False,6.182900559751421,False
2026-09-05 00:20:32,-70.1765640967025,False,False,5.0634017725248635,False
2026-09-05 00:20:33,-64.84058132469136,False,False,5.5256021855502535,False
2026-09-05 00:20:34,-71.60734913593946,False,False,13.90333244378657,False
2026-09-05 00:20:35,-66.72176638911186,False,False,13.755545685848123,False
2026-09-05 00:20:36,-66.64459837184712,False,False,17.4990796536891,False
2026-09-05 00:20:37,-71.10717648341598,False,False,22.288836148220174,False
2026-09-05 00:20:38,-68.86203384162945,False,False,22.483327830329564,False
2026-09-05 00:20:39,-66.74320675374292,False,False,30.754760357878403,False
2026-09-05 00:20:40,-70.75825548197497,False,False,31.407694713105236,False
2026-09-05 00:20:41,-70.40716072020473,False,False,29.923935848790116,False
2026-09-05 00:20:42,-71.16336182789729,False,False,31.41080575637194,False
2026-09-05 00:20:43,-58.51947579341324,False,False,36.16833237546895,False
2026-09-05 00:20:44,-71.29855509013201,False,False,33.18928416813434,False
2026-09-05 00:20:45,-61.85312793896105,False,False,30.507175099437337,False
2026-09-05 00:20:46,-60.594050319410016,False,False,32.99241603625672,False
2026-09-05 00:20:47,-71.53994646211729,False,False,29.268623225652316,False
2026-09-05 00:20:48,-57.26746071304428,False,False,29.315823466980458,False
2026-09-05 00:20:49,-63.09338886685087,False,False,22.757432373840025,False
2026-09-05 00:20:50,-69.33823953557109,False,False,21.4777611585838,False
2026-09-05 00:20:51,-58.33727744302281,False,False,21.548001758295833,False
2026-09-05 00:20:52,-73.98747128514292,False,False,10.7921365493733,False
2026-09-05 00:20:53,-69.25188686030485,False,False,16.975522616199466,False
2026-09-05 00:20:54,-67.54466201505342,False,False,17.074321447828375,False
2026-09-05 00:20:55,-72.41928203738242,False,False,17.747039364296086,False
2026-09-05 00:20:56,-66.6548552263246,False,False,15.611111922840218,False
2026-09-05 00:20:57,-61.444886792726976,False,False,16.532700766980575,False
2026-09-05 00:20:58,-71.41002371151681,False,False,14.249513907673968,False
2026-09-05 00:20:59,-70.11153815531542,False,False,14.416597885892315,False
2026-09-05 00:21:00,-68.88334617495656,False,False,13.81550030155591,False
2026-09-05 00:21:01,-69.84798921717518,False,False,30.080523847407154,False
2026-09-05 00:21:02,-58.651004198854615,False,False,29.725831303647503,False
2026-09-05 00:21:03,-65.7396259836224,False,False,25.867309537381278,False
2026-09-05 00:21:04,-69.66127835192785,False,False,26.431804762342995,False
2026-09-05 00:21:05,-65.13690670638833,False,False,25.63887092054257,False
2026-09-05 00:21:06,-70.2224521226974,False,False,38.03091811359037,False
2026-09-05 00:21:07,-71.80781528292958,False,False,42.086643400054086,False
2026-09-05 00:21:08,-71.47105988517953,False,False,41.67240369992012,False
2026-09-05 00:21:09,-67.52781364957913,False,False,39.92966914062548,False
2026-09-05 00:21:10,-54.17783153871635,False,False,42.76164333832054,False
2026-09-05 00:21:11,-68.78172375818565,False,False,31.25077217043663,False
2026-09-05 00:21:12,-72.18462552934515,False,False,31.788191866003956,False
2026-09-05 00:21:13,-70.63281689938961,False,False,28.80197781380813,False
2026-09-05 00:21:14,-67.57380460004163,False,False,27.183075605588005,False
2026-09-05 00:21:15,-55.90652532457311,False,False,30.16193440809884,False
2026-09-05 00:21:16,-59.16212233076531,False,False,20.746409591739457,False
2026-09-05 00:21:17,-59.30642086194142,False,False,14.18915671007936,False
2026-09-05 00:21:18,-69.61590176701993,False,False,2.820951490686089,False
2026-09-05 00:21:19,-70.618232928405,False,False,2.9312842484944546,False
2026-09-05 00:21:20,-69.73291819043544,False,False,12.05051424950787,False
2026-09-05 00:21:21,-70.3049396727611,False,False,27.698556375349188,False
2026-09-05 00:21:22,-68.58378264662282,False,False,28.258315258034354,False
2026-09-05 00:21:23,-68.08659536641083,False,False,29.206153250158213,False
2026-09-05 00:21:24,-71.5719789210159,False,False,29.308289269053397,False
2026-09-05 00:21:25,-72.66246590711556,False,False,27.847732264214226,False
2026-09-05 00:21:26,-73.6724107462066,False,False,25.718204674041083,False
2026-09-05 00:21:27,-68.98401734617491,False,False,21.75465130499715,False
2026-09-05 00:21:28,-72.20673321234774,False,False,22.609034499093756,False
2026-09-05 00:21:29,-60.5568088399257,False,False,20.595744396008012,False
2026-09-05 00:21:30,-56.427314102985456,False,False,16.58424284563852,False
2026-09-05 00:21:31,-65.01400096513441,False,False,2.8112149954633727,False
2026-09-05 00:21:32,-70.01214182307979,False,False,1.0651054084011204,False
2026-09-05 00:21:33,-68.32301845109671,False,False,1.1157239500291,False
2026-09-05 00:21:34,-69.83634128290487,False,False,1.2518461556157736,False
2026-09-05 00:21:35,-70.19777930638229,False,False,11.138307099042107,False
2026-09-05 00:21:36,-68.16184703402446,False,False,11.80021617133737,False
2026-09-05 00:21:37,-70.5805490883773,False,False,11.97684724172991,False
2026-09-05 00:21:38,-69.46521537185619,False,False,12.078357477522651,False
2026-09-05 00:21:39,-69.35660438760797,False,False,11.835829088669561,False
2026-09-05 00:21:40,-71.33618090728609,False,False,26.126418679393147,False
2026-09-05 00:21:41,-68.01591530092695,False,False,34.749642290378496,False
2026-09-05 00:21:42,-70.34991951339082,False,False,35.19161537856703,False
2026-09-05 00:21:43,-71.5114903189857,False,False,33.85108776671779,False
2026-09-05 00:21:44,-59.357591813876695,False,False,32.628164300890816,False
2026-09-05 00:21:45,-71.79693596358207,False,False,30.82095995568418,False
2026-09-05 00:21:46,-69.94363768526175,False,False,28.78668621405975,False
2026-09-05 00:21:47,-70.01823799328841,False,False,31.892367022200837,False
2026-09-05 00:21:48,-67.82820886833684,False,False,32.29115834507691,False
2026-09-05 00:21:49,-56.171294149862426,False,False,35.43420386205506,False
2026-09-05 00:21:50,-56.63665672742981,False,False,31.187981785346835,False
2026-09-05 00:21:51,-68.36446740159943,False,False,23.83234514079055,False
2026-09-05 00:21:52,-67.21958490196538,False,False,24.425014055620316,False
2026-09-05 00:21:53,-60.14131945323303,False,False,25.170908304374116,False
2026-09-05 00:21:54,-69.97929476031324,False,False,19.77697555909268,False
2026-09-05 00:21:55,-60.41207978256155,False,False,19.91389967002832,False
2026-09-05 00:21:56,-72.13022732615075,False,False,17.709393397138193,False
2026-09-05 00:21:57,-70.61044940870933,False,False,20.022413280900096,False
2026-09-05 00:21:58,-58.08286714451137,False,False,20.07433592556367,False
2026-09-05 00:21:59,-70.3739426059709,False,False,13.52479215046029,False
2026-09-05 00:22:00,-69.88670015020578,False,False,13.028429380528957,False
2026-09-05 00:22:01,-68.94061449128654,False,False,28.621493306085426,False
2026-09-05 00:22:02,-70.14099755611818,False,False,28.124988472558165,False
2026-09-05 00:22:03,-69.0269967123476,False,False,28.75635142070983,False
2026-09-05 00:22:04,-69.87105117037976,False,False,33.08855082959589,False
2026-09-05 00:22:05,-61.89102910308781,False,False,32.62938450578655,False
2026-09-05 00:22:06,-60.83736449907215,False,False,33.10072910593529,False
2026-09-05 00:22:07,-70.28817511144324,False,False,31.52473514201216,False
2026-09-05 00:22:08,-72.41938948568222,False,False,34.300657710359474,False
2026-09-05 00:22:09,-68.80014254000758,False,False,32.50660692364501,False
2026-09-05 00:22:10,-54.47178868744624,False,False,33.30243888131716,False
2026-09-05 00:22:11,-67.56247629660537,False,False,18.09934200453251,False
2026-09-05 00:22:12,-70.42688574186042,False,False,18.16193822743398,False
2026-09-05 00:22:13,-59.02991583843142,False,False,27.1065402349701,False
2026-09-05 00:22:14,-69.70266508559578,False,False,26.118739232378765,False
2026-09-05 00:22:15,-70.67417194223607,False,False,27.013891882285122,False
2026-09-05 00:22:16,-71.22680532708188,False,False,30.056125457454264,False
2026-09-05 00:22:17,-60.377632592407714,False,False,35.271234594203285,False
2026-09-05 00:22:18,-70.77635363708245,False,False,40.82165779436007,False
2026-09-05 00:22:19,-69.65916755524903,False,False,42.539216532072125,False
2026-09-05 00:22:20,-69.67885203790027,False,False,47.891751895976114,True
2026-09-05 00:22:21,-69.99390795969317,False,False,51.452228948056224,True
2026-09-05 00:22:22,-57.53577684951729,False,False,55.56217391121502,True
2026-09-05 00:22:23,-59.64197029449886,False,False,47.950646362064916,True
2026-09-05 00:22:24,-62.389089365936485,False,False,41.201288128042094,False
2026-09-05 00:22:25,-72.9697959368998,False,False,37.88478614741939,False
2026-09-05 00:22:26,-75.10784226980391,False,False,36.40068777603561,False
2026-09-05 00:22:27,-56.605340025367056,False,False,32.68017317047285,False
2026-09-05 00:22:28,-72.73375739683084,False,False,17.917002311296752,False
2026-09-05 00:22:29,-57.85957317887809,False,False,18.211474327259513,False
2026-09-05 00:22:30,-72.34022605211872,False,False,3.519278595694238,False
2026-09-05 00:22:31,-73.60396087516004,False,False,3.063668361414747,False
2026-09-05 00:22:32,-68.91707454359043,False,False,10.431613373045142,False
2026-09-05 00:22:33,-68.4816896793947,False,False,10.596190168022792,False
2026-09-05 00:22:34,-71.15302080145344,False,False,12.206348051722198,False
2026-09-05 00:22:35,-68.0464115809279,False,False,11.781747531539375,False
2026-09-05 00:22:36,-71.09248889650496,False,False,11.919377410977239,False
2026-09-05 00:22:37,-69.2163919891949,False,False,11.494547802472372,False
2026-09-05 00:22:38,-72.95782313754826,False,False,12.489600916152131,False
2026-09-05 00:22:39,-69.63328016044169,False,False,10.988363137951605,False
2026-09-05 00:22:40,-70.03061969834599,False,False,19.26291280273126,False
2026-09-05 00:22:41,-60.10601403765486,False,False,19.551740906171997,False
2026-09-05 00:22:42,-69.76083926317169,False,False,13.963474609562152,False
2026-09-05 00:22:43,-65.10393888879952,False,False,15.068046233617192,False
2026-09-05 00:22:44,-67.60685699667101,False,False,14.28287345669536,False
2026-09-05 00:22:45,-70.31705914605394,False,False,14.320971866065083,False
2026-09-05 00:22:46,-70.05460907901987,False,False,14.559521083579673,False
2026-09-05 00:22:47,-71.8665359181464,False,False,15.25183642849189,False
2026-09-05 00:22:48,-70.88656450238302,False,False,13.28435118391865,False
2026-09-05 00:22:49,-58.65051427845477,False,False,12.31551437116528,False
2026-09-05 00:22:50,-70.34589211984685,False,False,5.067429203561167,False
2026-09-05 00:22:51,-66.57658303971532,False,False,4.615998825758518,False
2026-09-05 00:22:52,-64.38219970841752,False,False,5.853629449388569,False
2026-09-05 00:22:53,-66.2972827163632,False,False,4.965132031529491,False
2026-09-05 00:22:54,-67.05765934501278,False,False,5.398607493914103,False
2026-09-05 00:22:55,-70.41864735430373,False,False,5.17139902985029,False
2026-09-05 00:22:56,-71.33814547731983,False,False,4.981618569297757,False
2026-09-05 00:22:57,-67.92019062520785,False,False,4.012957379299857,False
2026-09-05 00:22:58,-64.7263992494209,False,False,4.1661793371043405,False
2026-09-05 00:22:59,-66.34798057290612,False,False,3.311103609242616,False
2026-09-05 00:23:00,-68.64414825732146,False,False,8.362240117577887,False
2026-09-05 00:23:01,-70.97582281629141,False,False,8.447357447450074,False
2026-09-05 00:23:02,-65.685383573469,False,False,8.802467508006755,False
2026-09-05 00:23:03,-71.21142984600668,False,False,8.779790842873572,False
2026-09-05 00:23:04,-68.51580925598138,False,False,20.436302826702114,False
2026-09-05 00:23:05,-69.40141483918701,False,False,21.757698390062206,False
2026-09-05 00:23:06,-67.3965174212024,False,False,22.2821502796508,False
2026-09-05 00:23:07,-66.87697760654629,False,False,25.811378726748654,False
2026-09-05 00:23:08,-69.93599170186846,False,False,27.204636985281418,False
2026-09-05 00:23:09,-60.836507905680094,False,False,35.82741415980381,False
2026-09-05 00:23:10,-69.08005571412177,False,False,33.81515790413289,False
2026-09-05 00:23:11,-71.35543073950421,False,False,35.83422684097793,False
2026-09-05 00:23:12,-65.97322550494675,False,False,35.04100351206649,False
2026-09-05 00:23:13,-55.60871340146709,False,False,34.358752859879196,False
2026-09-05 00:23:14,-70.73064310262421,False,False,17.6429552477941,False
2026-09-05 00:23:15,-69.63063938827018,False,False,33.81842928900371,False
2026-09-05 00:23:16,-72.6942525790594,False,False,35.06517991505309,False
2026-09-05 00:23:17,-71.9432280770213,False,False,35.45151985058417,False
2026-09-05 00:23:18,-57.32597538811255,False,False,33.79121892171316,False
2026-09-05 00:23:19,-71.31378855794279,False,False,30.50643392676443,False
2026-09-05 00:23:20,-72.09382196536387,False,False,29.84523677879354,False
2026-09-05 00:23:21,-68.92669449494542,False,False,27.75770998660865,False
2026-09-05 00:23:22,-67.628591690674,False,False,27.990521063934477,False
2026-09-05 00:23:23,-68.56209337866987,False,False,28.018403814750627,False
2026-09-05 00:23:24,-55.40183881448776,False,False,27.917585923437645,False
2026-09-05 00:23:25,-71.51359017713892,False,False,14.739968383371103,False
2026-09-05 00:23:26,-72.84362133348368,False,False,19.3687940223248,False
2026-09-05 00:23:27,-66.99733269608903,False,False,16.910735321362807,False
2026-09-05 00:23:28,-58.68654393399942,False,False,17.62523842753881,False
2026-09-05 00:23:29,-70.5016660329101,False,False,10.069148232776751,False
2026-09-05 00:23:30,-67.34361171630188,False,False,9.248621771666787,False
2026-09-05 00:23:31,-68.88753998119869,False,False,9.263483532520215,False
2026-09-05 00:23:32,-69.08822445583678,False,False,9.27111252287565,False
2026-09-05 00:23:33,-65.66999531019783,False,False,18.102106462562574,False
2026-09-05 00:23:34,-71.28703646076029,False,False,20.221944003671805,False
2026-09-05 00:23:35,-59.81697820399897,False,False,21.27949971921264,False
2026-09-05 00:23:36,-69.88597375020584,False,False,18.2233804333061,False
2026-09-05 00:23:37,-69.46281544227348,False,False,18.183022284767592,False
2026-09-05 00:23:38,-66.94306314717494,False,False,19.299144379217083,False
2026-09-05 00:23:39,-68.98432848742075,False,False,19.445097061915146,False
2026-09-05 00:23:40,-68.92340784190074,False,False,19.84444465633957,False
2026-09-05 00:23:41,-67.8549853253804,False,False,19.7415286901069,False
2026-09-05 00:23:42,-57.5542521636398,False,False,19.614586636891723,False
2026-09-05 00:23:43,-71.67841933467801,False,False,16.231078756401057,False
2026-09-05 00:23:44,-72.08961838804207,False,False,16.104294494679152,False
2026-09-05 00:23:45,-73.93271317875201,False,False,15.689764848211274,False
2026-09-05 00:23:46,-65.88758574011936,False,False,13.32566313984447,False
2026-09-05 00:23:47,-72.20641673144337,False,False,12.261160319656131,False
2026-09-05 00:23:48,-70.44250724717155,False,False,11.425435892845497,False
2026-09-05 00:23:49,-70.55362659977784,False,False,11.198181676313274,False
2026-09-05 00:23:50,-69.3851866043818,False,False,10.749243796401462,False
2026-09-05 00:23:51,-68.3685255749214,False,False,23.177147642866082,False
2026-09-05 00:23:52,-59.05365922104196,False,False,23.116383051526693,False
2026-09-05 00:23:53,-71.16615487713787,False,False,23.898025950779736,False
2026-09-05 00:23:54,-70.33424342757283,False,False,25.74594752940323,False
2026-09-05 00:23:55,-69.4348400990234,False,False,24.869569760663705,False
2026-09-05 00:23:56,-70.49738225236709,False,False,26.171548863179396,False
2026-09-05 00:23:57,-66.78530884796001,False,False,32.47235539831756,False
2026-09-05 00:23:58,-69.0180500967235,False,False,33.389888189178265,False
2026-09-05 00:23:59,-68.53024442790037,False,False,32.765679770927754,False
2026-09-05 00:24:00,-56.28495450135563,False,False,34.32641954979302,False
2026-09-05 00:24:01,-67.65305228502935,False,False,24.16138098148138,False
2026-09-05 00:24:02,-58.55212533619351,False,False,24.08208321713395,False
2026-09-05 00:24:03,-72.59366389591169,False,False,16.071294704619426,False
2026-09-05 00:24:04,-69.20062409649472,False,False,14.71108882970961,False
2026-09-05 00:24:05,-71.30271378758366,False,False,14.679636592235173,False
2026-09-05 00:24:06,-57.14522538948143,False,False,17.019615639190114,False
2026-09-05 00:24:07,-68.82727196248982,False,False,4.859782925430767,False
2026-09-05 00:24:08,-67.52343385713273,False,False,4.690644651247254,False
2026-09-05 00:24:09,-69.95745684652788,False,False,23.996390368230593,False
2026-09-05 00:24:10,-69.38233397480207,False,False,23.741362808095914,False
2026-09-05 00:24:11,-66.59557011072953,False,False,24.52526945834576,False
2026-09-05 00:24:12,-69.51849364102286,False,False,27.013565088517783,False
2026-09-05 00:24:13,-64.79663377163921,False,False,26.921741799037925,False
2026-09-05 00:24:14,-68.86898070873691,False,False,26.353792674683906,False
2026-09-05 00:24:15,-73.52152551831163,False,False,26.924708800686535,False
2026-09-05 00:24:16,-68.49331675779094,False,False,24.69971876839621,False
2026-09-05 00:24:17,-69.23768323023444,False,False,24.98113795258931,False
2026-09-05 00:24:18,-54.084753395377135,False,False,25.132941391648764,False
2026-09-05 00:24:19,-68.65363729746008,False,False,3.2555841853675447,False
2026-09-05 00:24:20,-70.27691196796755,False,False,3.1535311384876503,False
2026-09-05 00:24:21,-72.44859647257873,False,False,23.164089460842895,False
2026-09-05 00:24:22,-70.41804651457205,False,False,22.365330145233155,False
2026-09-05 00:24:23,-71.7010409084186,False,False,35.22369238608883,False
2026-09-05 00:24:24,-71.16104689960945,False,False,35.29637221383702,False
2026-09-05 00:24:25,-68.82284319115878,False,False,32.78175440087056,False
2026-09-05 00:24:26,-66.66019099129718,False,False,33.1231820650214,False
2026-09-05 00:24:27,-69.21065694035404,False,False,35.105526202660585,False
2026-09-05 00:24:28,-72.39176612407037,False,False,34.8939779182554,False
2026-09-05 00:24:29,-69.11079466355972,False,False,33.6978617911769,False
2026-09-05 00:24:30,-55.155288928430494,False,False,32.6001218942353,False
2026-09-05 00:24:31,-71.21956580863876,False,False,26.60414681310387,False
2026-09-05 00:24:32,-56.34192105290437,False,False,26.615047572426715,False
2026-09-05 00:24:33,-61.93566129265146,False,False,20.96082768584108,False
2026-09-05 00:24:34,-63.01205578415787,False,False,22.086415693536686,False
2026-09-05 00:24:35,-68.70343913231228,False,False,21.98701983349608,False
2026-09-05 00:24:36,-70.24189629721556,False,False,22.063716469121594,False
2026-09-05 00:24:37,-69.16093511218594,False,False,24.323368447475445,False
2026-09-05 00:24:38,-58.21675528436516,False,False,28.124362051450003,False
2026-09-05 00:24:39,-60.07859201862865,False,False,19.522194339695762,False
2026-09-05 00:24:40,-68.55523728434446,False,False,12.388757872412539,False
2026-09-05 00:24:41,-70.74566630418353,False,False,12.974403569178042,False
2026-09-05 00:24:42,-60.53659548117278,False,False,14.374131312531606,False
2026-09-05 00:24:43,-70.79927237122921,False,False,7.603851675958715,False
2026-09-05 00:24:44,-69.55063054849623,False,False,16.939064401788308,False
2026-09-05 00:24:45,-68.13481833625382,False,False,17.055926738395392,False
2026-09-05 00:24:46,-72.83673146586607,False,False,17.445306330534144,False
2026-09-05 00:24:47,-73.52161762396155,False,False,38.575321886367774,False
2026-09-05 00:24:48,-65.80857844672113,False,False,32.87432984188495,False
2026-09-05 00:24:49,-67.47483179314564,False,False,34.347479525697246,False
2026-09-05 00:24:50,-71.10371629178489,False,False,38.896358945759026,False
2026-09-05 00:24:51,-64.8836014286635,False,False,34.964131880694374,False
2026-09-05 00:24:52,-71.12849519731478,False,False,41.40647682512298,False
2026-09-05 00:24:53,-58.98057214384642,False,False,42.543921684556715,False
2026-09-05 00:24:54,-66.91578009486425,False,False,44.01646002868101,True
2026-09-05 00:24:55,-65.98781422368175,False,False,42.97330645044822,False
2026-09-05 00:24:56,-51.032573310893525,False,True,47.593324064869954,True
2026-09-05 00:24:57,-61.09693538303486,False,False,28.83382965476259,False
2026-09-05 00:24:58,-59.99364776255845,False,False,26.48794204231603,False
2026-09-05 00:24:59,-55.49255503451321,False,False,21.74660694678837,False
2026-09-05 00:25:00,-68.44327784766672,False,False,9.890086903948765,False
2026-09-05 00:25:01,-71.10237143265707,False,False,11.397259092188945,False
2026-09-05 00:25:02,-71.63639776684461,False,False,11.19833247615033,False
2026-09-05 00:25:03,-70.0067489148219,False,False,17.952949212740513,False
2026-09-05 00:25:04,-63.306239223066704,False,False,17.02065885502102,False
2026-09-05 00:25:05,-70.90645609865454,False,False,16.25357665934198,False
2026-09-05 00:25:06,-68.60722510508657,False,False,16.297492346442112,False
2026-09-05 00:25:07,-68.08938958285898,False,False,30.6191192128829,False
2026-09-05 00:25:08,-69.8231862274163,False,False,35.18831665796998,False
2026-09-05 00:25:09,-61.671410473533925,False,False,37.9819389962146,False
2026-09-05 00:25:10,-72.28337822826701,False,False,43.094705832687154,False
2026-09-05 00:25:11,-70.38731891855943,False,False,38.204107818326975,False
2026-09-05 00:25:12,-59.050131869993656,False,False,36.309617885725594,False
2026-09-05 00:25:13,-66.36970733145861,False,False,35.95966486861672,False
2026-09-05 00:25:14,-70.16536137168539,False,False,38.58761179454747,False
2026-09-05 00:25:15,-70.24349501676657,False,False,39.1610442449324,False
2026-09-05 00:25:16,-54.71120567489468,False,False,37.310597019416505,False
2026-09-05 00:25:17,-58.46341718530783,False,False,26.3947581084338,False
2026-09-05 00:25:18,-72.04837364865841,False,False,19.75500776791207,False
2026-09-05 00:25:19,-57.50974702860084,False,False,20.33004960352329,False
2026-09-05 00:25:20,-67.5579326089493,False,False,18.39390033028659,False
2026-09-05 00:25:21,-68.83580459306278,False,False,18.99808933398092,False
2026-09-05 00:25:22,-70.45296819769966,False,False,18.19613078063372,False
2026-09-05 00:25:23,-59.71786192805556,False,False,17.231850984622575,False
2026-09-05 00:25:24,-70.7444135521421,False,False,17.174840585698462,False
2026-09-05 00:25:25,-67.82250276059163,False,False,17.31658523989954,False
2026-09-05 00:25:26,-66.23082738813078,False,False,22.247160509334222,False
2026-09-05 00:25:27,-66.91351294345563,False,False,22.949433282227865,False
2026-09-05 00:25:28,-59.8874093965034,False,False,25.095603478435613,False
2026-09-05 00:25:29,-58.78372291160902,False,False,22.12224555958634,False
2026-09-05 00:25:30,-62.27758739650508,False,False,17.110681509209858,False
2026-09-05 00:25:31,-62.29728363680555,False,False,11.034596495196539,False
2026-09-05 00:25:32,-69.35366457163043,False,False,5.535299908804369,False
2026-09-05 00:25:33,-70.29520517259733,False,False,6.9557085249898565,False
2026-09-05 00:25:34,-70.93207300373649,False,False,10.025049151197853,False
2026-09-05 00:25:35,-73.18940613453358,False,False,10.340143128912025,False
2026-09-05 00:25:36,-68.97279978686056,False,False,9.31763429937187,False
2026-09-05 00:25:37,-71.06540167932383,False,False,9.64924882182495,False
2026-09-05 00:25:38,-72.33983367142058,False,False,9.321198458130816,False
2026-09-05 00:25:39,-75.7445244265633,False,False,8.591057185653842,False
2026-09-05 00:25:40,-70.05502981010127,False,False,4.243244034801688,False
2026-09-05 00:25:41,-66.4554968066605,False,False,17.494933192285647,False
2026-09-05 00:25:42,-66.67748157090426,False,False,18.487478914588223,False
2026-09-05 00:25:43,-64.9759737892181,False,False,20.1909250886358,False
2026-09-05 00:25:44,-71.20442412072356,False,False,20.22431588924135,False
2026-09-05 00:25:45,-69.06245148784996,False,False,19.414515865126965,False
2026-09-05 00:25:46,-71.99677087837658,False,False,19.153126569549165,False
2026-09-05 00:25:47,-69.39641620036107,False,False,18.075584323519813,False
2026-09-05 00:25:48,-68.46783944323062,False,False,19.107758030289247,False
2026-09-05 00:25:49,-67.54613355223138,False,False,19.384822005931984,False
2026-09-05 00:25:50,-56.15649680630467,False,False,19.752700356777677,False
2026-09-05 00:25:51,-70.40734750035394,False,False,2.1997205840986442,False
2026-09-05 00:25:52,-71.75596517351312,False,False,2.441366299124524,False
2026-09-05 00:25:53,-71.65376070807972,False,False,4.277242929244947,False
2026-09-05 00:25:54,-70.45295778380306,False,False,4.4031191453108125,False
2026-09-05 00:25:55,-69.26526898636764,False,False,4.502932414148277,False
2026-09-05 00:25:56,-68.1728307475335,False,False,4.485611752866236,False
2026-09-05 00:25:57,-71.6063579013607,False,False,4.33374389672249,False
2026-09-05 00:25:58,-67.01462286208096,False,False,4.2815412437406755,False
2026-09-05 00:25:59,-70.54224720208514,False,False,5.62417581119259,False
2026-09-05 00:26:00,-70.04273458869687,False,False,13.176441412533467,False
2026-09-05 00:26:01,-71.49442335829565,False,False,13.162484279587847,False
2026-09-05 00:26:02,-74.84848052054588,False,False,14.128325173233865,False
2026-09-05 00:26:03,-68.2319092072779,False,False,22.640956670853285,False
2026-09-05 00:26:04,-68.52631220581513,False,False,25.417884818878736,False
2026-09-05 00:26:05,-70.56265511423642,False,False,25.579447749354223,False
2026-09-05 00:26:06,-69.86601856555026,False,False,32.019277064806616,False
2026-09-05 00:26:07,-68.9681215645918,False,False,35.22460409838425,False
2026-09-05 00:26:08,-65.02779949625979,False,False,34.8302576339902,False
2026-09-05 00:26:09,-60.49078227710041,False,False,35.12517164199847,False
2026-09-05 00:26:10,-68.41147064075635,False,False,32.836842940076494,False
2026-09-05 00:26:11,-72.5085788463385,False,False,33.23994895499406,False
2026-09-05 00:26:12,-56.14834761111695,False,False,30.80430866632031,False
2026-09-05 00:26:13,-72.7131636092468,False,False,18.464348327123226,False
2026-09-05 00:26:14,-69.06714003513295,False,False,16.97827474768608,False
2026-09-05 00:26:15,-58.01468962585551,False,False,17.106314409933052,False
2026-09-05 00:26:16,-73.23026363181101,False,False,25.21834852589415,False
2026-09-05 00:26:17,-67.67052129108566,False,False,22.821303637343316,False
2026-09-05 00:26:18,-65.18171112483896,False,False,24.053608893740304,False
2026-09-05 00:26:19,-71.62050487402877,False,False,24.471540012153504,False
2026-09-05 00:26:20,-69.59886160553812,False,False,24.125477180581264,False
2026-09-05 00:26:21,-67.70272530114256,False,False,25.339961498707584,False
2026-09-05 00:26:22,-72.03164363795679,False,False,26.855853359499235,False
2026-09-05 00:26:23,-69.87664030030406,False,False,25.377423091008062,False
2026-09-05 00:26:24,-69.14236699933885,False,False,24.744361787246643,False
2026-09-05 00:26:25,-54.46852724745315,False,False,29.820334017407276,False
2026-09-05 00:26:26,-69.64711688944556,False,False,20.505869376048857,False
2026-09-05 00:26:27,-70.73405567816664,False,False,20.183605919935182,False
2026-09-05 00:26:28,-71.65518044129745,False,False,19.940735737715972,False
2026-09-05 00:26:29,-64.64390233615482,False,False,19.370191929940326,False
2026-09-05 00:26:30,-72.14427802397121,False,False,19.333886715436634,False
2026-09-05 00:26:31,-64.24400229869882,False,False,18.14022019922622,False
2026-09-05 00:26:32,-69.12688039168467,False,False,16.492333197384593,False
2026-09-05 00:26:33,-68.1921303178276,False,False,17.16969101278726,False
2026-09-05 00:26:34,-74.72586487108367,False,False,18.05641813538463,False
2026-09-05 00:26:35,-58.3068145567183,False,False,15.144265286029597,False
2026-09-05 00:26:36,-68.7616914779896,False,False,3.68782789544099,False
2026-09-05 00:26:37,-65.8850090605766,False,False,13.731198790031907,False
2026-09-05 00:26:38,-69.95841258464918,False,False,13.267778128884268,False
2026-09-05 00:26:39,-71.45600588245827,False,False,13.4539772898449,False
2026-09-05 00:26:40,-70.36579288220967,False,False,13.43189569074614,False
2026-09-05 00:26:41,-67.25024716170363,False,False,18.120794916668547,False
2026-09-05 00:26:42,-71.29192835824907,False,False,20.95575121947468,False
2026-09-05 00:26:43,-71.5983840133005,False,False,19.623443272656147,False
2026-09-05 00:26:44,-70.96548704436407,False,False,18.931994382813585,False
2026-09-05 00:26:45,-71.90665721651743,False,False,18.42308573333225,False
2026-09-05 00:26:46,-59.32890484265461,False,False,16.16766180399552,False
2026-09-05 00:26:47,-66.75064308306088,False,False,11.427017583056974,False
2026-09-05 00:26:48,-69.35384145376794,False,False,13.230813048726954,False
2026-09-05 00:26:49,-70.50470700425258,False,False,14.134357894914947,False
2026-09-05 00:26:50,-61.12723452960947,False,False,13.151880362171102,False
2026-09-05 00:26:51,-62.09968200794828,False,False,8.71704245078609,False
2026-09-05 00:26:52,-68.23378044570568,False,False,9.995295948273487,False
2026-09-05 00:26:53,-70.15567439402561,False,False,10.109864000481465,False
2026-09-05 00:26:54,-70.36095982718125,False,False,19.665255346009264,False
2026-09-05 00:26:55,-63.61378486431028,False,False,18.713561041449672,False
2026-09-05 00:26:56,-69.40249418326863,False,False,17.730810377443348,False
2026-09-05 00:26:57,-71.50358210019037,False,False,17.805861394285486,False
2026-09-05 00:26:58,-70.85271519241108,False,False,14.952667991180126,False
2026-09-05 00:26:59,-67.70310858160649,False,False,14.062068138852107,False
2026-09-05 00:27:00,-69.77345917892447,False,False,18.913373403290052,False
2026-09-05 00:27:01,-61.13648239200762,False,False,18.378736612481426,False
2026-09-05 00:27:02,-68.1615421308496,False,False,20.295343690458918,False
2026-09-05 00:27:03,-57.50847117481301,False,False,22.960675067987175,False
2026-09-05 00:27:04,-66.2534044475649,False,False,13.936221733546239,False
2026-09-05 00:27:05,-67.8399038685707,False,False,14.480417501570802,False
2026-09-05 00:27:06,-64.19205227006314,False,False,15.468015580068657,False
2026-09-05 00:27:07,-67.43796727652978,False,False,22.514706275736067,False
2026-09-05 00:27:08,-69.8642889789452,False,False,29.59987455998089,False
2026-09-05 00:27:09,-58.168613618430456,False,False,28.7496020686742,False
2026-09-05 00:27:10,-69.03053436541106,False,False,21.90616495309566,False
2026-09-05 00:27:11,-71.69271330998174,False,False,22.322727294659693,False
2026-09-05 00:27:12,-71.28709966463492,False,False,19.708420885960575,False
2026-09-05 00:27:13,-67.94007836483767,False,False,18.72384133835338,False
2026-09-05 00:27:14,-70.66955066421308,False,False,19.086594854122236,False
2026-09-05 00:27:15,-70.807296926484,False,False,20.503262758095378,False
2026-09-05 00:27:16,-58.6618735647413,False,False,19.482167359140597,False
2026-09-05 00:27:17,-58.585981341995534,False,False,12.91655947491698,False
2026-09-05 00:27:18,-65.87495016151371,False,False,3.264826655618516,False
2026-09-05 00:27:19,-66.59294838644861,False,False,2.5373417622234236,False
2026-09-05 00:27:20,-69.95156108665448,False,False,3.6727533616903343,False
2026-09-05 00:27:21,-67.17555888916914,False,False,3.6344795588192307,False
2026-09-05 00:27:22,-70.15928278249143,False,False,18.45700266332222,False
2026-09-05 00:27:23,-69.09525640750053,False,False,18.31374553638694,False
2026-09-05 00:27:24,-72.12478705629375,False,False,25.403100445379685,False
2026-09-05 00:27:25,-69.1433858055847,False,False,30.802645378659225,False
2026-09-05 00:27:26,-70.3742885300091,False,False,31.95970332674583,False
2026-09-05 00:27:27,-68.02854000864028,False,False,31.600637996896968,False
2026-09-05 00:27:28,-67.6252278968705,False,False,31.23629762349118,False
2026-09-05 00:27:29,-64.82087271596278,False,False,32.92047123773432,False
2026-09-05 00:27:30,-68.84073365357285,False,False,34.06785847857034,False
2026-09-05 00:27:31,-55.923837505651534,False,False,33.291841845360494,False
2026-09-05 00:27:32,-69.61123139684533,False,False,28.44768884518421,False
2026-09-05 00:27:33,-58.27801982096448,False,False,26.428866628576685,False
2026-09-05 00:27:34,-56.015358427129016,False,False,24.071812419173803,False
2026-09-05 00:27:35,-70.59080282027806,False,False,32.09802438856549,False
2026-09-05 00:27:36,-69.66307804746077,False,False,31.908748546506825,False
2026-09-05 00:27:37,-67.36480492878408,False,False,32.46328712671198,False
2026-09-05 00:27:38,-58.76682160255034,False,False,36.091498145819365,False
2026-09-05 00:27:39,-67.72024287774191,False,False,31.214489875716236,False
2026-09-05 00:27:40,-67.36576986532027,False,False,32.820539771464205,False
2026-09-05 00:27:41,-70.23613705398216,False,False,34.48776625346535,False
2026-09-05 00:27:42,-64.19946233738283,False,False,39.50174187881963,False
2026-09-05 00:27:43,-71.21564397418886,False,False,42.97918145092389,False
2026-09-05 00:27:44,-52.50864492975507,False,False,43.85439162562995,True
2026-09-05 00:27:45,-70.04573612459777,False,False,25.535373182546586,False
2026-09-05 00:27:46,-60.450897328568935,False,False,25.65694773230927,False
2026-09-05 00:27:47,-71.00954984245644,False,False,20.866562773293406,False
2026-09-05 00:27:48,-68.3187599469909,False,False,19.768662759808823,False
2026-09-05 00:27:49,-61.654133840244775,False,False,34.232758800216146,False
2026-09-05 00:27:50,-70.47786419833939,False,False,34.37521088888254,False
2026-09-05 00:27:51,-56.76860631403943,False,False,33.910285356731094,False
2026-09-05 00:27:52,-70.78351629808765,False,False,23.9529545992491,False
2026-09-05 00:27:53,-71.844820368997,False,False,22.580683621614178,False
2026-09-05 00:27:54,-66.76924862106111,False,False,20.86608422724466,False
2026-09-05 00:27:55,-70.64464093842268,False,False,23.364253807732045,False
2026-09-05 00:27:56,-67.565682958349,False,False,24.70187429854103,False
2026-09-05 00:27:57,-66.95736789615509,False,False,26.06600128878829,False
2026-09-05 00:27:58,-54.25923266173929,False,False,26.653505295237977,False
2026-09-05 00:27:59,-70.86324062543609,False,False,7.254773019160076,False
2026-09-05 00:28:00,-69.19253981932678,False,False,6.957665233573754,False
2026-09-05 00:28:01,-70.04839121278184,False,False,9.377809386264506,False
2026-09-05 00:28:02,-66.30284801525903,False,False,19.965175201465172,False
2026-09-05 00:28:03,-69.35128143655679,False,False,20.076495538819273,False
2026-09-05 00:28:04,-72.3580795823196,False,False,25.57530488930673,False
2026-09-05 00:28:05,-62.435364817962245,False,False,30.686818358576193,False
2026-09-05 00:28:06,-70.92923459459679,False,False,36.31671613432939,False
2026-09-05 00:28:07,-69.59768068825431,False,False,34.74328149938504,False
2026-09-05 00:28:08,-69.43342425690771,False,False,30.95180699183366,False
2026-09-05 00:28:09,-70.51780994740815,False,False,30.315784752618782,False
2026-09-05 00:28:10,-63.6261524017238,False,False,28.711390555502465,False
2026-09-05 00:28:11,-57.27339116604281,False,False,28.283736471141754,False
2026-09-05 00:28:12,-68.2574054050855,False,False,31.047907346463138,False
2026-09-05 00:28:13,-59.16765518480231,False,False,31.701776177746034,False
2026-09-05 00:28:14,-55.72190201452143,False,False,33.16362134304673,False
2026-09-05 00:28:15,-56.33569329637818,False,False,28.958301498990227,False
2026-09-05 00:28:16,-57.17046266844757,False,False,23.502348217363906,False
2026-09-05 00:28:17,-57.98996602935356,False,False,15.07709016055011,False
2026-09-05 00:28:18,-68.97218430068217,False,False,14.335978050072887,False
2026-09-05 00:28:19,-69.64083643612081,False,False,14.88045418046487,False
2026-09-05 00:28:20,-61.41578175591032,False,False,17.31897114164223,False
2026-09-05 00:28:21,-69.02162573970467,False,False,15.764175544042644,False
2026-09-05 00:28:22,-68.73055706287646,False,False,16.4533726748486,False
2026-09-05 00:28:23,-67.78060031608756,False,False,21.778174893596013,False
2026-09-05 00:28:24,-69.18036268614297,False,False,27.283684252742063,False
2026-09-05 00:28:25,-70.48251530923709,False,False,28.63044211869776,False
2026-09-05 00:28:26,-68.65485259759454,False,False,34.43945612824221,False
2026-09-05 00:28:27,-58.26391221261083,False,False,35.698246626915115,False
2026-09-05 00:28:28,-63.79074148801614,False,False,31.604680507798605,False
2026-09-05 00:28:29,-60.41769127642272,False,False,31.647476624532665,False
2026-09-05 00:28:30,-67.78583866142606,False,False,37.54464659182378,False
2026-09-05 00:28:31,-70.24076232790719,False,False,37.9864124015211,False
2026-09-05 00:28:32,-74.34533909202807,False,False,38.40703876239286,False
2026-09-05 00:28:33,-58.854090008519215,False,False,32.7268226547361,False
2026-09-05 00:28:34,-71.07065637190784,False,False,27.16697652768147,False
2026-09-05 00:28:35,-56.62462992315885,False,False,27.893453675793296,False
2026-09-05 00:28:36,-69.33603933886197,False,False,26.768164983391802,False
2026-09-05 00:28:37,-69.61900064044187,False,False,27.931277938389865,False
2026-09-05 00:28:38,-68.58109636572192,False,False,27.54202582393673,False
2026-09-05 00:28:39,-56.42130210473892,False,False,28.254087283712487,False
2026-09-05 00:28:40,-68.97378840364783,False,False,15.483875783158236,False
2026-09-05 00:28:41,-70.51909335516784,False,False,17.476257938323617,False
2026-09-05 00:28:42,-68.522379038225,False,False,17.76849008459427,False
2026-09-05 00:28:43,-68.76926503197389,False,False,18.46457485340842,False
2026-09-05 00:28:44,-71.87087740408919,False,False,19.199342211112317,False
2026-09-05 00:28:45,-57.13282298082961,False,False,17.2938140020408,False
2026-09-05 00:28:46,-71.0719268902281,False,False,11.340829241044961,False
2026-09-05 00:28:47,-68.3838844034377,False,False,12.281437843185788,False
2026-09-05 00:28:48,-69.26542537319732,False,False,14.1756638640007,False
2026-09-05 00:28:49,-66.32363264640975,False,False,14.182354233498497,False
2026-09-05 00:28:50,-62.97076109299651,False,False,13.678316228530482,False
2026-09-05 00:28:51,-70.69863359223639,False,False,10.74180956265895,False
2026-09-05 00:28:52,-70.03883921177547,False,False,25.971146984286417,False
2026-09-05 00:28:53,-70.60635956566855,False,False,25.989282100296133,False
2026-09-05 00:28:54,-68.4001161961159,False,False,24.95426191317305,False
2026-09-05 00:28:55,-60.335003479526826,False,False,27.35307418508149,False
2026-09-05 00:28:56,-72.10736483829271,False,False,21.448656436304717,False
2026-09-05 00:28:57,-72.13560584315839,False,False,34.609381604952716,False
2026-09-05 00:28:58,-68.09938481605285,False,False,32.11244408018979,False
2026-09-05 00:28:59,-66.57877325483615,False,False,35.16126012540693,False
2026-09-05 00:29:00,-70.20889843707495,False,False,36.04466254582453,False
2026-09-05 00:29:01,-55.6037005320196,False,False,43.07349090461289,False
2026-09-05 00:29:02,-69.85989567377364,False,False,30.673197970403397,False
2026-09-05 00:29:03,-67.67624339478363,False,False,31.30519629143605,False
2026-09-05 00:29:04,-71.85470626838115,False,False,34.295088125191036,False
2026-09-05 00:29:05,-69.52326203453043,False,False,33.1735016082145,False
2026-09-05 00:29:06,-55.002344903020834,False,False,32.97553019089985,False
2026-09-05 00:29:07,-68.9978116601203,False,False,22.8106926486928,False
2026-09-05 00:29:08,-60.17327778478239,False,False,23.051257885278936,False
2026-09-05 00:29:09,-67.99790781486571,False,False,31.258454263606296,False
2026-09-05 00:29:10,-75.40646458599848,False,False,31.37795432241581,False
2026-09-05 00:29:11,-68.64424936093819,False,False,41.068775630764,False
2026-09-05 00:29:12,-71.30815136625485,False,False,41.34500377193571,False
2026-09-05 00:29:13,-73.66126579371291,False,False,40.26091065577964,False
2026-09-05 00:29:14,-68.97759480095004,False,False,39.99429938538287,False
2026-09-05 00:29:15,-67.25268290967408,False,False,41.168845110190524,False
2026-09-05 00:29:16,-59.66011759188862,False,False,45.980309698466215,True
2026-09-05 00:29:17,-68.09425090559412,False,False,42.573501594687784,False
2026-09-05 00:29:18,-56.02705310542395,False,False,44.53904188495079,True
2026-09-05 00:29:19,-67.37017109283191,False,False,35.43299882839422,False
2026-09-05 00:29:20,-53.15394757900796,False,False,36.08777849055781,False
2026-09-05 00:29:21,-68.51574501785622,False,False,14.624320527747082,False
2026-09-05 00:29:22,-58.73953772787426,False,False,19.31048361781446,False
2026-09-05 00:29:23,-73.20393162379433,False,False,10.22294438648299,False
2026-09-05 00:29:24,-70.4921249762599,False,False,12.27279991438849,False
2026-09-05 00:29:25,-71.68649319063239,False,False,17.043160108749237,False
2026-09-05 00:29:26,-65.65811456500437,False,False,17.953784109488314,False
2026-09-05 00:29:27,-70.35177162486467,False,False,19.23417626052738,False
2026-09-05 00:29:28,-69.75359038643103,False,False,19.098103403003698,False
2026-09-05 00:29:29,-68.89702924791906,False,False,19.17162704110587,False
2026-09-05 00:29:30,-69.91279510725509,False,False,20.213176396513862,False
2026-09-05 00:29:31,-61.464556566478585,False,False,28.58611740233648,False
2026-09-05 00:29:32,-71.2452987234689,False,False,25.79240604595944,False
2026-09-05 00:29:33,-62.38996320743562,False,False,27.610510358355306,False
2026-09-05 00:29:34,-60.2430204424334,False,False,24.411344005331628,False
2026-09-05 00:29:35,-72.64004502244141,False,False,26.932014186871527,False
2026-09-05 00:29:36,-71.22353818181057,False,False,33.13659678831046,False
2026-09-05 00:29:37,-70.07407359409683,False,False,33.111858863224356,False
2026-09-05 00:29:38,-70.85860444903452,False,False,34.67071378300393,False
2026-09-05 00:29:39,-71.38484195974772,False,False,33.582729401788846,False
2026-09-05 00:29:40,-58.1315125632825,False,False,31.016135028457406,False
2026-09-05 00:29:41,-70.16621114525739,False,False,26.605165454501595,False
2026-09-05 00:29:42,-73.009440748062,False,False,26.629279056323487,False
2026-09-05 00:29:43,-68.4798880726208,False,False,24.64115489139867,False
2026-09-05 00:29:44,-58.52661010767987,False,False,24.561473561975486,False
2026-09-05 00:29:45,-58.303920318713466,False,False,15.13212971607138,False
2026-09-05 00:29:46,-70.61841815409973,False,False,2.8946251177111715,False
2026-09-05 00:29:47,-71.50431281118117,False,False,2.890901246679335,False
2026-09-05 00:29:48,-69.36165097916164,False,False,2.888887063714088,False
2026-09-05 00:29:49,-67.3190991079537,False,False,3.2412114381868173,False
2026-09-05 00:29:50,-73.7503449392915,False,False,2.3841873016486064,False
2026-09-05 00:29:51,-69.76994784170516,False,False,77.33261922709909,True
2026-09-05 00:29:52,-70.32026559113328,False,False,201.74845418996978,True
2026-09-05 00:29:53,-68.65731984709907,False,False,223.9330959664121,True
2026-09-05 00:29:54,-69.57360674352462,False,False,249.02927717097486,True
2026-09-05 00:29:55,-71.50393866347764,False,False,251.48042085704074,True
2026-09-05 00:29:56,-70.63810787133323,False,False,222.9419553087761,True
2026-09-05 00:29:57,-71.59205171360698,False,False,206.17299821039825,True
2026-09-05 00:29:58,-67.8479857228028,False,False,164.66907742291144,True
2026-09-05 00:29:59,-69.95737670265612,False,False,107.63202926070615,True
2026-09-05 00:30:00,-40.82706932315898,False,False,34.249345280698606,False
2026-09-05 00:30:01,-29.46572979064491,False,True,39.36402316362412,False
2026-09-05 00:30:02,-44.562774370720376,False,False,31.946664485797573,False
2026-09-05 00:30:03,-40.68467748663541,False,False,31.308283175095244,False
2026-09-05 00:30:04,-42.16336188558999,False,False,32.36351306232601,False
2026-09-05 00:30:05,-47.717423676751125,False,False,36.786325176958016,False
2026-09-05 00:30:06,-35.63995133186195,False,False,34.77800953703303,False
2026-09-05 00:30:07,-34.343719022130884,False,True,33.525137305616035,False
2026-09-05 00:30:08,-46.49308035066152,False,False,35.081115786775186,False
2026-09-05 00:30:09,-32.57538740976294,False,True,32.29102001568975,False
2026-09-05 00:30:10,-32.48502346226511,False,True,27.243046415275415,False
2026-09-05 00:30:11,-45.86411701922084,False,False,23.12507266617942,False
2026-09-05 00:30:12,-43.72541821780608,False,False,22.30015885609272,False
2026-09-05 00:30:13,-37.70095546474822,False,False,23.7402500852077,False
2026-09-05 00:30:14,-47.156662376708766,False,False,22.716053491979427,False
2026-09-05 00:30:15,-46.5120586950696,False,False,32.76347439955971,False
2026-09-05 00:30:16,-39.440990838855626,False,False,30.705723464891786,False
2026-09-05 00:30:17,-32.84754481841078,False,True,30.559364227122593,False
2026-09-05 00:30:18,-36.825203016962064,False,False,29.57112719669376,False
2026-09-05 00:30:19,-37.32292692247552,False,False,27.779580390370974,False
2026-09-05 00:30:20,-45.7258075677795,False,False,25.780767281507888,False
2026-09-05 00:30:21,-45.55570719847509,False,False,39.94272049435445,False
2026-09-05 00:30:22,-44.55178365274456,False,False,104.66913185105508,True
2026-09-05 00:30:23,-45.25064490736909,False,False,151.42163899955085,True
2026-09-05 00:30:24,-29.861138409121946,False,True,169.07050719487694,True
2026-09-05 00:30:25,-44.30228168176738,False,False,162.21939263975034,True
2026-09-05 00:30:26,-43.43179738034421,False,False,172.9148098017277,True
2026-09-05 00:30:27,-34.2926844859511,False,True,176.50505460577355,True
2026-09-05 00:30:28,-42.97996669371773,False,False,109.56251704915283,True
2026-09-05 00:30:29,-43.44244392295782,False,False,72.34308738309696,True
2026-09-05 00:30:30,-54.701479221345394,False,False,31.032792654155987,False
2026-09-05 00:30:31,-69.53356773747299,False,False,18.25440086399102,False
2026-09-05 00:30:32,-68.09372673217351,False,False,21.5783699415734,False
2026-09-05 00:30:33,-61.79549331216851,False,False,22.130494895703087,False
2026-09-05 00:30:34,-71.22487474928087,False,False,27.59477185043796,False
2026-09-05 00:30:35,-69.2769929495878,False,False,26.808930777723965,False
2026-09-05 00:30:36,-72.28745241464132,False,False,35.461247293829416,False
2026-09-05 00:30:37,-60.303343616635104,False,False,46.33913509181067,True
2026-09-05 00:30:38,-61.664297596735565,False,False,48.08467134400361,True
2026-09-05 00:30:39,-70.41623371454509,False,False,46.81156241235475,True
2026-09-05 00:30:40,-70.25707502287786,False,False,45.98715235663571,True
2026-09-05 00:30:41,-73.76369809099528,False,False,46.24235184762023,True
2026-09-05 00:30:42,-71.09744981548192,False,False,44.908106588908566,True
2026-09-05 00:30:43,-58.19839953812512,False,False,40.92259436286696,False
2026-09-05 00:30:44,-69.6802872160052,False,False,37.75567741388213,False
2026-09-05 00:30:45,-57.61981882535783,False,False,39.51519156896663,False
2026-09-05 00:30:46,-53.34071046440535,False,False,38.63103370102188,False
2026-09-05 00:30:47,-71.732349696429,False,False,39.167720083933695,False
2026-09-05 00:30:48,-68.06108559894653,False,False,38.14718471636881,False
2026-09-05 00:30:49,-69.14561127625663,False,False,38.831986638411436,False
2026-09-05 00:30:50,-71.2924546196876,False,False,40.40116785845247,False
2026-09-05 00:30:51,-58.22677427658613,False,False,38.79207320578821,False
2026-09-05 00:30:52,-65.14167897082399,False,False,35.528542427829976,False
2026-09-05 00:30:53,-68.16169165278,False,False,36.386480682357146,False
2026-09-05 00:30:54,-58.45461217231863,False,False,42.10017340216661,False
2026-09-05 00:30:55,-71.34124041815329,False,False,42.19335903131263,False
2026-09-05 00:30:56,-52.93832398487615,False,False,45.263177619401276,True
2026-09-05 00:30:57,-70.5000930291979,False,False,41.73576059989033,False
2026-09-05 00:30:58,-69.42261274144029,False,False,40.32906796543439,False
2026-09-05 00:30:59,-59.47354742797457,False,False,42.98275930730615,False
2026-09-05 00:31:00,-70.2686174829411,False,False,40.14211842831414,False
2026-09-05 00:31:01,-68.37838345368044,False,False,41.35644090026509,False
2026-09-05 00:31:02,-62.695705180746494,False,False,41.88135705767114,False
2026-09-05 00:31:03,-73.49706394647636,False,False,39.90162044096593,False
2026-09-05 00:31:04,-58.2122446762896,False,False,37.07524527430139,False
2026-09-05 00:31:05,-73.32498397607135,False,False,26.98686073990574,False
2026-09-05 00:31:06,-54.15777798434729,False,False,24.895669364704656,False
2026-09-05 00:31:07,-67.74658972634484,False,False,3.510359651972182,False
2026-09-05 00:31:08,-72.1819328604304,False,False,3.1259026784844623,False
2026-09-05 00:31:09,-70.82162857590917,False,False,3.6906843869336163,False
2026-09-05 00:31:10,-72.21140933697187,False,False,16.67844270916883,False
2026-09-05 00:31:11,-70.42984206057747,False,False,23.509488486860498,False
2026-09-05 00:31:12,-70.61606856837149,False,False,22.83318071915585,False
2026-09-05 00:31:13,-68.44067893546132,False,False,25.043138258283218,False
2026-09-05 00:31:14,-67.37938250776078,False,False,26.27946314587132,False
2026-09-05 00:31:15,-67.20863237842009,False,False,26.261119928516507,False
2026-09-05 00:31:16,-71.12433605315661,False,False,26.099967297720703,False
2026-09-05 00:31:17,-70.41844374748905,False,False,30.398892581466697,False
2026-09-05 00:31:18,-73.3668763844419,False,False,39.80882765709951,False
2026-09-05 00:31:19,-57.94482664899843,False,False,36.97097511046708,False
2026-09-05 00:31:20,-59.018145500812295,False,False,32.579166181821186,False
2026-09-05 00:31:21,-66.76883435290354,False,False,26.38266873025998,False
2026-09-05 00:31:22,-72.46869774375985,False,False,36.930652555799945,False
2026-09-05 00:31:23,-71.18492851830578,False,False,35.304156909615934,False
2026-09-05 00:31:24,-70.05281151391786,False,False,34.76428565635446,False
2026-09-05 00:31:25,-69.43967768236078,False,False,35.19239064141059,False
2026-09-05 00:31:26,-60.19144153924464,False,False,35.776368615842514,False
2026-09-05 00:31:27,-55.82181575906096,False,False,32.42594791162814,False
2026-09-05 00:31:28,-70.94767869414183,False,False,28.168277358447558,False
2026-09-05 00:31:29,-70.02890454175656,False,False,27.23719098068954,False
2026-09-05 00:31:30,-68.9074315039926,False,False,30.004276679331838,False
2026-09-05 00:31:31,-56.40798473794244,False,False,30.38390250924703,False
2026-09-05 00:31:32,-70.87277178105313,False,False,20.330134177404986,False
2026-09-05 00:31:33,-70.21921960785166,False,False,30.93541284754887,False
2026-09-05 00:31:34,-70.17672591841067,False,False,30.064696777708388,False
2026-09-05 00:31:35,-70.74002205976426,False,False,30.35564976794948,False
2026-09-05 00:31:36,-70.5175921253342,False,False,29.06025670651774,False
2026-09-05 00:31:37,-57.72888286779916,False,False,32.08730862926084,False
2026-09-05 00:31:38,-68.87816110411752,False,False,27.86943277604192,False
2026-09-05 00:31:39,-61.00446165524757,False,False,30.385397541571415,False
2026-09-05 00:31:40,-68.60609119097853,False,False,25.82331905215481,False
2026-09-05 00:31:41,-63.32564838163112,False,False,26.09152916412353,False
2026-09-05 00:31:42,-55.16968728077634,False,False,24.52903348797159,False
2026-09-05 00:31:43,-69.26071561560381,False,False,11.603548991910808,False
2026-09-05 00:31:44,-70.21460428800846,False,False,11.795469998384545,False
2026-09-05 00:31:45,-69.10456614837945,False,False,11.787674975947473,False
2026-09-05 00:31:46,-73.141752304137,False,False,12.295686449515964,False
2026-09-05 00:31:47,-72.25353493781961,False,False,10.959845068856476,False
2026-09-05 00:31:48,-72.38785001279811,False,False,10.232544567771383,False
2026-09-05 00:31:49,-69.71411381047258,False,False,9.033578749750053,False
2026-09-05 00:31:50,-66.53497000102982,False,False,16.290892339095997,False
2026-09-05 00:31:51,-65.53739970761474,False,False,20.124317496137017,False
2026-09-05 00:31:52,-61.42583438289183,False,False,19.661724849863322,False
2026-09-05 00:31:53,-68.99831105011108,False,False,15.130463297166358,False
2026-09-05 00:31:54,-68.12372734323509,False,False,28.478121656846355,False
2026-09-05 00:31:55,-71.08534759946804,False,False,28.972182286091744,False
2026-09-05 00:31:56,-71.57556750381647,False,False,29.81363511393052,False
2026-09-05 00:31:57,-71.24169519650223,False,False,33.71822379895829,False
2026-09-05 00:31:58,-70.33628763716958,False,False,33.08728891436499,False
2026-09-05 00:31:59,-59.14180361695643,False,False,32.274572747430355,False
2026-09-05 00:32:00,-73.95859962075157,False,False,23.902935878611423,False
2026-09-05 00:32:01,-68.50417948776493,False,False,22.90640320188344,False
2026-09-05 00:32:02,-72.14548605147961,False,False,25.542189703777375,False
2026-09-05 00:32:03,-57.12528942524774,False,False,24.8075181235575,False
2026-09-05 00:32:04,-65.85183466050006,False,False,11.379785966408821,False
2026-09-05 00:32:05,-71.83876918317284,False,False,12.332885091584824,False
2026-09-05 00:32:06,-75.06057504549266,False,False,12.933467566131247,False
2026-09-05 00:32:07,-70.57200844376023,False,False,9.465386855478801,False
2026-09-05 00:32:08,-67.79808073000285,False,False,9.277962990787428,False
2026-09-05 00:32:09,-66.08330509155881,False,False,30.52009442759436,False
2026-09-05 00:32:10,-72.45909918890483,False,False,34.30424720020055,False
2026-09-05 00:32:11,-63.45873107429148,False,False,31.57233676185807,False
2026-09-05 00:32:12,-70.9306209135601,False,False,33.42682160587406,False
2026-09-05 00:32:13,-70.21189670860826,False,False,39.050181959396525,False
2026-09-05 00:32:14,-64.71131330596593,False,False,36.3257684493402,False
2026-09-05 00:32:15,-73.0059406567903,False,False,37.79142023285931,False
2026-09-05 00:32:16,-69.49252067701086,False,False,35.10717413303275,False
2026-09-05 00:32:17,-69.06461365646913,False,False,32.425125231343955,False
2026-09-05 00:32:18,-53.28202574295899,False,False,33.58185941663622,False
2026-09-05 00:32:19,-60.78009804491391,False,False,21.383017256284354,False
2026-09-05 00:32:20,-63.59409292732948,False,False,20.901396634734926,False
2026-09-05 00:32:21,-70.78329713484358,False,False,20.57316757575001,False
2026-09-05 00:32:22,-56.56795286147402,False,False,18.75201426868598,False
2026-09-05 00:32:23,-62.89169013869833,False,False,10.961381442172089,False
2026-09-05 00:32:24,-68.7568562202879,False,False,9.69047520938866,False
2026-09-05 00:32:25,-70.73922067208727,False,False,10.25570817785329,False
2026-09-05 00:32:26,-62.17110483160685,False,False,30.57250932021565,False
2026-09-05 00:32:27,-70.05852562736996,False,False,32.5193563269665,False
2026-09-05 00:32:28,-67.74789949845567,False,False,33.88671953015877,False
2026-09-05 00:32:29,-70.10278744717698,False,False,34.25124689763444,False
2026-09-05 00:32:30,-63.57365645760732,False,False,33.53018829889426,False
2026-09-05 00:32:31,-67.47615699857202,False,False,32.47179265463015,False
2026-09-05 00:32:32,-71.81146460172523,False,False,32.6079809095004,False
2026-09-05 00:32:33,-71.30753267729764,False,False,31.11322605226717,False
2026-09-05 00:32:34,-71.19132258808699,False,False,42.35247329626338,False
2026-09-05 00:32:35,-53.03693046489509,False,False,46.87744153682449,True
2026-09-05 00:32:36,-74.27134842795739,False,False,32.199384001781226,False
2026-09-05 00:32:37,-63.72450293268001,False,False,28.226375301950934,False
2026-09-05 00:32:38,-67.8878863818679,False,False,33.175306054977305,False
2026-09-05 00:32:39,-69.55352217174168,False,False,34.33856839182543,False
2026-09-05 00:32:40,-70.10978800123257,False,False,33.345362754711864,False
2026-09-05 00:32:41,-69.42889185028469,False,False,36.8251671465506,False
2026-09-05 00:32:42,-68.95775514324133,False,False,46.644203245442654,True
2026-09-05 00:32:43,-55.70292941284678,False,False,46.618100883760754,True
2026-09-05 00:32:44,-57.13346738179253,False,False,37.93156563079022,False
2026-09-05 00:32:45,-69.8208386374895,False,False,28.80097393155998,False
2026-09-05 00:32:46,-70.39467684061465,False,False,29.552260658946942,False
2026-09-05 00:32:47,-58.40616137071795,False,False,28.45433166456025,False
2026-09-05 00:32:48,-70.38981656070536,False,False,21.830759158552844,False
2026-09-05 00:32:49,-67.73245980626587,False,False,22.727022540395133,False
2026-09-05 00:32:50,-57.70428572026978,False,False,24.23833692169312,False
2026-09-05 00:32:51,-75.88077726932856,False,False,20.180108592297422,False
2026-09-05 00:32:52,-68.68819844694048,False,False,15.746383616141404,False
2026-09-05 00:32:53,-69.61052761056246,False,False,17.687663097182014,False
2026-09-05 00:32:54,-63.62220548839219,False,False,17.190531005407724,False
2026-09-05 00:32:55,-62.89985256127748,False,False,15.5691924587592,False
2026-09-05 00:32:56,-67.75177456002797,False,False,21.782683641159874,False
2026-09-05 00:32:57,-68.10494707575428,False,False,22.24633415089928,False
2026-09-05 00:32:58,-71.54575533564721,False,False,22.673376871308903,False
2026-09-05 00:32:59,-62.91745615682496,False,False,22.748882850798704,False
2026-09-05 00:33:00,-60.01033878356765,False,False,20.825980780475327,False
2026-09-05 00:33:01,-72.75923632957786,False,False,14.073703828853747,False
2026-09-05 00:33:02,-71.25343444917993,False,False,26.109799969581324,False
2026-09-05 00:33:03,-68.27521305523449,False,False,24.22089906895617,False
2026-09-05 00:33:04,-68.09374990924783,False,False,24.563894514800758,False
2026-09-05 00:33:05,-58.09698165585531,False,False,27.37914562335293,False
2026-09-05 00:33:06,-68.54980842630401,False,False,20.723629470921285,False
2026-09-05 00:33:07,-68.96764342577008,False,False,21.45757682701704,False
2026-09-05 00:33:08,-71.2829631904459,False,False,23.64501110845331,False
2026-09-05 00:33:09,-69.13615491065212,False,False,22.70911118400668,False
2026-09-05 00:33:10,-68.39918094954463,False,False,22.431222708487148,False
2026-09-05 00:33:11,-55.43394841859165,False,False,24.48583736061741,False
2026-09-05 00:33:12,-67.62217325705072,False,False,10.680056045489065,False
2026-09-05 00:33:13,-68.58339230559787,False,False,13.173183831980845,False
2026-09-05 00:33:14,-60.67200627169561,False,False,13.737095103273456,False
2026-09-05 00:33:15,-67.85969952336714,False,False,10.028566887590452,False
2026-09-05 00:33:16,-70.05304251849812,False,False,28.797161935072687,False
2026-09-05 00:33:17,-71.76374930245544,False,False,28.52124369647447,False
2026-09-05 00:33:18,-70.32613392788753,False,False,28.600047416131254,False
2026-09-05 00:33:19,-64.39445905011165,False,False,28.607309719833705,False
2026-09-05 00:33:20,-71.35035654994876,False,False,26.761714288477037,False
2026-09-05 00:33:21,-70.28903734143104,False,False,28.03645621183579,False
2026-09-05 00:33:22,-63.09431559738441,False,False,33.89646431890004,False
2026-09-05 00:33:23,-70.61592305927807,False,False,33.29117714317394,False
2026-09-05 00:33:24,-73.78722933390758,False,False,32.69537190891497,False
2026-09-05 00:33:25,-54.96772722201977,False,False,37.87804392146916,False
2026-09-05 00:33:26,-69.99758904927555,False,False,28.11816800382487,False
2026-09-05 00:33:27,-71.63417726213638,False,False,28.515787815052402,False
2026-09-05 00:33:28,-68.68150866313519,False,False,31.60716097197416,False
2026-09-05 00:33:29,-68.12485972474688,False,False,31.11432125347479,False
2026-09-05 00:33:30,-73.21511972873795,False,False,33.68917568183542,False
2026-09-05 00:33:31,-59.99357766555431,False,False,37.33988885059284,False
2026-09-05 00:33:32,-63.797868802531845,False,False,34.71476235055658,False
2026-09-05 00:33:33,-64.55412545964946,False,False,33.896419559351926,False
2026-09-05 00:33:34,-55.55099637689612,False,False,33.82804237021569,False
2026-09-05 00:33:35,-70.38765227754561,False,False,23.759784697458606,False
2026-09-05 00:33:36,-70.52902968262123,False,False,42.086563929758356,False
2026-09-05 00:33:37,-74.00772472881351,False,False,41.214036996352455,False
2026-09-05 00:33:38,-68.72916393958155,False,False,36.18586382732648,False
2026-09-05 00:33:39,-72.47851678970694,False,False,37.17470518188542,False
2026-09-05 00:33:40,-57.52576880054548,False,False,35.991576046366625,False
2026-09-05 00:33:41,-69.44524612408361,False,False,29.1184702274411,False
2026-09-05 00:33:42,-67.2786828083227,False,False,31.270195362647257,False
2026-09-05 00:33:43,-65.7882875853961,False,False,41.56520435579352,False
2026-09-05 00:33:44,-76.03902431164165,False,False,41.545157644901494,False
2026-09-05 00:33:45,-54.63488818791169,False,False,30.477887347590308,False
2026-09-05 00:33:46,-66.39897763697829,False,False,19.877438630282274,False
2026-09-05 00:33:47,-67.52210729412113,False,False,30.247922465763715,False
2026-09-05 00:33:48,-69.58068116945074,False,False,29.32576202456402,False
2026-09-05 00:33:49,-60.413204308132805,False,False,30.17090145899067,False
2026-09-05 00:33:50,-68.38575480672537,False,False,36.74938473393051,False
2026-09-05 00:33:51,-71.94709239940893,False,False,39.04924901494055,False
2026-09-05 00:33:52,-56.10832790934239,False,False,38.338480680099636,False
2026-09-05 00:33:53,-63.63731336635078,False,False,34.16322381416721,False
2026-09-05 00:33:54,-67.87958018500224,False,False,35.23047666691349,False
2026-09-05 00:33:55,-64.48067992217784,False,False,38.13871283879626,False
2026-09-05 00:33:56,-54.608020548944296,False,False,45.39540771289711,True
2026-09-05 00:33:57,-62.18855342849884,False,False,33.33887566169275,False
2026-09-05 00:33:58,-70.05114862438398,False,False,33.730704902584186,False
2026-09-05 00:33:59,-73.53815180977824,False,False,34.69657819462194,False
2026-09-05 00:34:00,-71.38942626217812,False,False,30.686328440044527,False
2026-09-05 00:34:01,-58.10073548554273,False,False,28.378535905739,False
2026-09-05 00:34:02,-71.04817679586918,False,False,23.094821777776158,False
2026-09-05 00:34:03,-69.69529025593256,False,False,23.33560065113033,False
2026-09-05 00:34:04,-71.6448398647644,False,False,23.870801467758415,False
2026-09-05 00:34:05,-57.3503636464775,False,False,24.86602437873261,False
2026-09-05 00:34:06,-62.0190101522155,False,False,13.876771478797831,False
2026-09-05 00:34:07,-61.87750245138353,False,False,10.522893148060252,False
2026-09-05 00:34:08,-70.65578943302583,False,False,4.5545193939145365,False
2026-09-05 00:34:09,-69.68961863228205,False,False,4.72332145242463,False
2026-09-05 00:34:10,-68.34980347066472,False,False,4.9539318728911415,False
2026-09-05 00:34:11,-71.7342604314218,False,False,4.827143722111019,False
2026-09-05 00:34:12,-71.31623297815051,False,False,4.3376277513002375,False
2026-09-05 00:34:13,-70.60745205755333,False,False,4.096526559978033,False
2026-09-05 00:34:14,-72.69174184694643,False,False,4.02307638641271,False
2026-09-05 00:34:15,-71.63851571944299,False,False,2.8296796855595674,False
2026-09-05 00:34:16,-64.89543570829632,False,False,2.661029690177675,False
2026-09-05 00:34:17,-68.25122163857455,False,False,0.7097537320249157,False
2026-09-05 00:34:18,-69.47487734199615,False,False,5.961833158620308,False
2026-09-05 00:34:19,-69.61282017726491,False,False,6.1670929264386505,False
2026-09-05 00:34:20,-68.29820407566406,False,False,6.303574746807197,False
2026-09-05 00:34:21,-70.2747435767988,False,False,6.536698538937911,False
2026-09-05 00:34:22,-69.21907030014222,False,False,16.169610785426567,False
2026-09-05 00:34:23,-70.206443505865,False,False,18.82502034844513,False
2026-09-05 00:34:24,-69.46927530120074,False,False,17.858712531226725,False
2026-09-05 00:34:25,-71.16551731522317,False,False,17.28888246918902,False
2026-09-05 00:34:26,-69.71909886281719,False,False,16.613290970068164,False
2026-09-05 00:34:27,-61.836819752299775,False,False,15.742069107025094,False
2026-09-05 00:34:28,-67.15450372780012,False,False,15.013963602575846,False
2026-09-05 00:34:29,-68.14756919551681,False,False,16.688186027366235,False
2026-09-05 00:34:30,-68.06920503081766,False,False,18.682498285352303,False
2026-09-05 00:34:31,-57.63543955434143,False,False,18.687744223089524,False
2026-09-05 00:34:32,-61.04880856832936,False,False,11.725298227435987,False
2026-09-05 00:34:33,-63.72961285102706,False,False,8.566103144910162,False
2026-09-05 00:34:34,-62.77800126893872,False,False,11.853853763639453,False
2026-09-05 00:34:35,-70.6321457120541,False,False,8.78874513986584,False
2026-09-05 00:34:36,-68.76845770045772,False,False,10.245713745537824,False
2026-09-05 00:34:37,-67.59223112566237,False,False,10.603420771693663,False
2026-09-05 00:34:38,-70.278892551362,False,False,10.79435858350406,False
2026-09-05 00:34:39,-70.90037852970282,False,False,11.23678175753574,False
2026-09-05 00:34:40,-64.07548569283249,False,False,10.946380037798392,False
2026-09-05 00:34:41,-68.79758650214177,False,False,27.634726128615362,False
2026-09-05 00:34:42,-64.95845759823587,False,False,27.98394977403176,False
2026-09-05 00:34:43,-74.59236190627448,False,False,27.4347302993943,False
2026-09-05 00:34:44,-71.10107369898317,False,False,24.180883272585504,False
2026-09-05 00:34:45,-64.39567118894263,False,False,22.15017432724635,False
2026-09-05 00:34:46,-71.01628039529461,False,False,22.23210377821439,False
2026-09-05 00:34:47,-70.29556063763495,False,False,21.239246429502593,False
2026-09-05 00:34:48,-70.90649681804602,False,False,24.110122618553437,False
2026-09-05 00:34:49,-67.09506493105852,False,False,24.22532269226975,False
2026-09-05 00:34:50,-54.57228099365789,False,False,30.575343394717798,False
2026-09-05 00:34:51,-69.39905128077834,False,False,22.935842646180333,False
2026-09-05 00:34:52,-68.7555857119132,False,False,21.480950947993836,False
2026-09-05 00:34:53,-64.03212513825228,False,False,25.56518524188655,False
2026-09-05 00:34:54,-67.92177642515946,False,False,26.635754417621904,False
2026-09-05 00:34:55,-70.15152857307092,False,False,31.582645763176146,False
2026-09-05 00:34:56,-68.65903876551758,False,False,39.38220801383149,False
2026-09-05 00:34:57,-60.00470513211433,False,False,44.25038571900808,True
2026-09-05 00:34:58,-60.07488352576085,False,False,45.157847490401515,True
2026-09-05 00:34:59,-56.28638090032511,False,False,47.144278246608955,True
2026-09-05 00:35:00,-60.32130344419385,False,False,38.11965640036809,False
2026-09-05 00:35:01,-60.40216442334471,False,False,43.87062910079507,True
2026-09-05 00:35:02,-71.73932616254939,False,False,41.34447763759882,False
2026-09-05 00:35:03,-67.74913043117046,False,False,40.27231679145159,False
2026-09-05 00:35:04,-72.37882378573465,False,False,41.117918372861155,False
2026-09-05 00:35:05,-52.82622897610276,False,False,38.22118359880365,False
2026-09-05 00:35:06,-71.80124146929573,False,False,21.39151748189665,False
2026-09-05 00:35:07,-68.72321614878324,False,False,25.49251411966905,False
2026-09-05 00:35:08,-70.65723695149796,False,False,28.023605435751513,False
2026-09-05 00:35:09,-68.79362513783532,False,False,34.57035665796327,False
2026-09-05 00:35:10,-56.55585621641605,False,False,39.72210761158802,False
2026-09-05 00:35:11,-70.3255858121446,False,False,32.55844144057387,False
2026-09-05 00:35:12,-69.91816164920856,False,False,30.57371312014346,False
2026-09-05 00:35:13,-63.99948732523656,False,False,30.231728732390216,False
2026-09-05 00:35:14,-62.43757637249587,False,False,33.74278431076927,False
2026-09-05 00:35:15,-71.02642713294317,False,False,33.251667086072146,False
2026-09-05 00:35:16,-58.744984267216864,False,False,31.4136845293098,False
2026-09-05 00:35:17,-59.77069453371846,False,False,31.73347233700631,False
2026-09-05 00:35:18,-75.12466731759062,False,False,27.373359622533037,False
2026-09-05 00:35:19,-57.22850928664473,False,False,20.856346231738737,False
2026-09-05 00:35:20,-65.17476915677418,False,False,16.91248621700796,False
2026-09-05 00:35:21,-68.43079142420395,False,False,18.032565115979544,False
2026-09-05 00:35:22,-60.32768346462954,False,False,19.316255799202004,False
2026-09-05 00:35:23,-70.52578165841653,False,False,15.353439477817954,False
2026-09-05 00:35:24,-62.87663100017942,False,False,14.165099559776186,False
2026-09-05 00:35:25,-68.90576176964959,False,False,13.027427678845495,False
2026-09-05 00:35:26,-72.3616256306177,False,False,14.059660496815686,False
2026-09-05 00:35:27,-67.77135661066225,False,False,12.455157099799827,False
2026-09-05 00:35:28,-62.38561509060454,False,False,12.457791478350531,False
2026-09-05 00:35:29,-59.817136358435846,False,False,10.912499674163069,False
2026-09-05 00:35:30,-69.12304852238054,False,False,3.146346577651462,False
2026-09-05 00:35:31,-69.96076668461203,False,False,3.048290328213156,False
2026-09-05 00:35:32,-68.65427752806636,False,False,2.8263373230489406,False
2026-09-05 00:35:33,-68.81637173251724,False,False,2.6057608416221916,False
2026-09-05 00:35:34,-70.70808142188204,False,False,6.40755015986804,False
2026-09-05 00:35:35,-71.1472035457938,False,False,6.403475309510699,False
2026-09-05 00:35:36,-69.79628740947602,False,False,22.996383709896246,False
2026-09-05 00:35:37,-66.90195969700963,False,False,25.404674283530657,False
2026-09-05 00:35:38,-72.4782141513078,False,False,26.171750201402865,False
2026-09-05 00:35:39,-72.93505053150488,False,False,24.90672610262839,False
2026-09-05 00:35:40,-69.67047831752697,False,False,24.59615074281081,False
2026-09-05 00:35:41,-69.89822459628796,False,False,25.10802595333667,False
2026-09-05 00:35:42,-69.65331667125918,False,False,41.346531981167836,False
2026-09-05 00:35:43,-63.74064986332238,False,False,42.05885753699643,False
2026-09-05 00:35:44,-70.44640450926961,False,False,43.0159962117336,False
2026-09-05 00:35:45,-55.79710675031032,False,False,45.865167951960075,True
2026-09-05 00:35:46,-73.20180795695303,False,False,34.72197912066626,False
2026-09-05 00:35:47,-65.22875294469166,False,False,32.37431237389794,False
2026-09-05 00:35:48,-70.2065095202981,False,False,32.589464203791195,False
2026-09-05 00:35:49,-61.96165559819356,False,False,32.13597380820088,False
2026-09-05 00:35:50,-70.35170880886415,False,False,28.487075721146546,False
2026-09-05 00:35:51,-52.85235771911261,False,False,29.74378488270357,False
2026-09-05 00:35:52,-69.95822702340807,False,False,2.2926901153773023,False
2026-09-05 00:35:53,-69.53859818856263,False,False,2.2966404189515455,False
2026-09-05 00:35:54,-72.52032953034517,False,False,2.672382123715118,False
2026-09-05 00:35:55,-71.23272281607896,False,False,2.7713840033688126,False
2026-09-05 00:35:56,-70.75039276064787,False,False,7.994449730297667,False
2026-09-05 00:35:57,-70.63543019351246,False,False,8.58485286829037,False
2026-09-05 00:35:58,-67.43671240999247,False,False,9.92834009832173,False
2026-09-05 00:35:59,-68.88461787854975,False,False,9.988400755474354,False
2026-09-05 00:36:00,-72.22291591387406,False,False,9.568842993524102,False
2026-09-05 00:36:01,-69.50699044313599,False,False,8.34320287155454,False
2026-09-05 00:36:02,-69.00355650300644,False,False,17.016343059286374,False
2026-09-05 00:36:03,-67.71970192295747,False,False,17.921736762591816,False
2026-09-05 00:36:04,-66.83891862686325,False,False,18.52166122100505,False
2026-09-05 00:36:05,-61.3373745541505,False,False,25.158286238040073,False
2026-09-05 00:36:06,-71.62171502242067,False,False,21.317544695057343,False
2026-09-05 00:36:07,-72.51515571782923,False,False,19.84818864808944,False
2026-09-05 00:36:08,-70.46803971821396,False,False,17.796092028913154,False
2026-09-05 00:36:09,-69.06728325110733,False,False,23.52324821450326,False
2026-09-05 00:36:10,-68.0253309668218,False,False,24.271772036534372,False
2026-09-05 00:36:11,-58.67158547397644,False,False,26.101553544861417,False
2026-09-05 00:36:12,-70.63969504650969,False,False,22.612193102821593,False
2026-09-05 00:36:13,-69.69648401550252,False,False,21.76340375366747,False
2026-09-05 00:36:14,-59.38845223137522,False,False,29.228421991309897,False
2026-09-05 00:36:15,-65.82092255661045,False,False,26.996219814244085,False
2026-09-05 00:36:16,-65.28183578753521,False,False,27.756531471764625,False
2026-09-05 00:36:17,-69.63051884220855,False,False,33.50060910622348,False
2026-09-05 00:36:18,-57.03311015879608,False,False,34.101638427974684,False
2026-09-05 00:36:19,-69.98640031088,False,False,29.14471324757394,False
2026-09-05 00:36:20,-70.380078070003,False,False,28.256765548864983,False
2026-09-05 00:36:21,-70.71489084562086,False,False,31.665824995577697,False
2026-09-05 00:36:22,-62.72065490280589,False,False,33.90297344962592,False
2026-09-05 00:36:23,-55.6566666461161,False,False,34.879759296102016,False
2026-09-05 00:36:24,-62.21085113292075,False,False,29.081220569997164,False
2026-09-05 00:36:25,-66.93313259740735,False,False,27.857942431397582,False
2026-09-05 00:36:26,-72.84791430490029,False,False,28.98807720730311,False
2026-09-05 00:36:27,-70.53330465846884,False,False,37.76458943556619,False
2026-09-05 00:36:28,-59.965631561968806,False,False,37.520007444516764,False
2026-09-05 00:36:29,-68.82289346045856,False,False,35.315647926130694,False
2026-09-05 00:36:30,-73.1962487037675,False,False,35.69441362921886,False
2026-09-05 00:36:31,-59.13716271075512,False,False,31.43429574960255,False
2026-09-05 00:36:32,-60.89694366150938,False,False,25.852590007376286,False
2026-09-05 00:36:33,-72.72634800918561,False,False,36.27095233309527,False
2026-09-05 00:36:34,-69.62058766477921,False,False,33.011615577328534,False
2026-09-05 00:36:35,-71.32396435559322,False,False,34.98389945264363,False
2026-09-05 00:36:36,-55.729971943961296,False,False,33.88731601222967,False
2026-09-05 00:36:37,-69.9617044451685,False,False,34.256587936391945,False
2026-09-05 00:36:38,-71.28297381808862,False,False,33.59425593484982,False
2026-09-05 00:36:39,-69.02425543025785,False,False,33.31934552435143,False
2026-09-05 00:36:40,-66.39130378042651,False,False,34.391494415878824,False
2026-09-05 00:36:41,-70.3818075834546,False,False,37.19793326432937,False
2026-09-05 00:36:42,-55.30590085774078,False,False,36.27087021990313,False
2026-09-05 00:36:43,-66.32501495286417,False,False,21.304042037576753,False
2026-09-05 00:36:44,-71.91287275363602,False,False,21.4552824168209,False
2026-09-05 00:36:45,-69.05518744423925,False,False,21.08462847224444,False
2026-09-05 00:36:46,-55.27184304536467,False,False,21.241364727019295,False
2026-09-05 00:36:47,-69.28877330242868,False,False,1.3873942016965273,False
2026-09-05 00:36:48,-70.6261160610463,False,False,1.3143447107533006,False
2026-09-05 00:36:49,-70.00141718915329,False,False,3.021413881834905,False
2026-09-05 00:36:50,-72.50081546793943,False,False,13.188228081554527,False
2026-09-05 00:36:51,-68.79096934728926,False,False,12.281474653175488,False
2026-09-05 00:36:52,-68.23533387535318,False,False,13.972139352128597,False
2026-09-05 00:36:53,-70.90418066566616,False,False,14.065912163417988,False
2026-09-05 00:36:54,-70.940084295519,False,False,13.488597102285283,False
2026-09-05 00:36:55,-69.46824354069591,False,False,12.882306318505561,False
2026-09-05 00:36:56,-70.87343947208119,False,False,12.369974603678134,False
2026-09-05 00:36:57,-70.13226522925164,False,False,10.897702715839756,False
2026-09-05 00:36:58,-65.80055642166697,False,False,11.91369497822443,False
2026-09-05 00:36:59,-59.01582835324763,False,False,15.738952617547705,False
2026-09-05 00:37:00,-70.71668030404244,False,False,6.980570288566376,False
2026-09-05 00:37:01,-64.46103012517291,False,False,7.140879544842592,False
2026-09-05 00:37:02,-68.51161605700013,False,False,5.0763520766111245,False
2026-09-05 00:37:03,-70.36244834643621,False,False,7.217395469457197,False
2026-09-05 00:37:04,-65.77117992832194,False,False,7.357531208415449,False
2026-09-05 00:37:05,-67.35739193545398,False,False,6.296821745930777,False
2026-09-05 00:37:06,-67.16079399097272,False,False,23.213133362411778,False
2026-09-05 00:37:07,-71.20084713147742,False,False,37.36317301593464,False
2026-09-05 00:37:08,-73.73307990272123,False,False,38.152280667758056,False
2026-09-05 00:37:09,-67.98497262032616,False,False,36.23325740286039,False
2026-09-05 00:37:10,-71.36925965152001,False,False,36.128329433982614,False
2026-09-05 00:37:11,-68.41874880167447,False,False,34.58725558558318,False
2026-09-05 00:37:12,-73.94020763542368,False,False,34.584025504407144,False
2026-09-05 00:37:13,-68.21480532340138,False,False,30.592256007224677,False
2026-09-05 00:37:14,-72.42234385856156,False,False,34.02354575091796,False
2026-09-05 00:37:15,-56.34856419333461,False,False,31.4117761863814,False
2026-09-05 00:37:16,-56.54774052614391,False,False,19.4097041006778,False
2026-09-05 00:37:17,-71.9078788387933,False,False,4.574663059181811,False
2026-09-05 00:37:18,-70.81407262585356,False,False,5.084058865174951,False
2026-09-05 00:37:19,-68.6273630860866,False,False,4.970849495892033,False
2026-09-05 00:37:20,-69.78821109376953,False,False,4.868248811560771,False
2026-09-05 00:37:21,-68.83117403905503,False,False,4.949457925295522,False
2026-09-05 00:37:22,-66.04711883096903,False,False,5.728090989788916,False
2026-09-05 00:37:23,-73.12848322342211,False,False,9.59796195894049,False
2026-09-05 00:37:24,-66.76557485006275,False,False,8.091484651320517,False
2026-09-05 00:37:25,-69.79128812495357,False,False,13.459337171890894,False
2026-09-05 00:37:26,-71.79756809664626,False,False,13.428384788523848,False
2026-09-05 00:37:27,-72.66062725147798,False,False,11.933156696956912,False
2026-09-05 00:37:28,-70.37824078155407,False,False,10.66255083080674,False
2026-09-05 00:37:29,-68.15669977615109,False,False,15.211468920909297,False
2026-09-05 00:37:30,-70.25509824075507,False,False,15.21350016150473,False
2026-09-05 00:37:31,-66.9776901395053,False,False,14.798974645640893,False
2026-09-05 00:37:32,-62.30379757975834,False,False,14.610050581189345,False
2026-09-05 00:37:33,-70.0241778956921,False,False,10.77288477465837,False
2026-09-05 00:37:34,-61.1202361823048,False,False,11.795155037008275,False
2026-09-05 00:37:35,-69.27273623475007,False,False,4.661963527925381,False
2026-09-05 00:37:36,-68.2262252198054,False,False,5.072700532027605,False
2026-09-05 00:37:37,-70.8415235873621,False,False,5.897758082557563,False
2026-09-05 00:37:38,-75.20842771325427,False,False,12.434526035885302,False
2026-09-05 00:37:39,-69.60210370640701,False,False,9.199440999954074,False
2026-09-05 00:37:40,-69.12652289653298,False,False,9.317274362856548,False
2026-09-05 00:37:41,-69.1914104900766,False,False,9.535436528425674,False
2026-09-05 00:37:42,-67.5284356163557,False,False,9.686648801975497,False
2026-09-05 00:37:43,-72.1421073592981,False,False,9.545956747030145,False
2026-09-05 00:37:44,-68.6395677890991,False,False,14.149504694178322,False
2026-09-05 00:37:45,-67.61498497504405,False,False,14.525062379144625,False
2026-09-05 00:37:46,-73.55717516801303,False,False,15.036709073274128,False
2026-09-05 00:37:47,-61.72464195009324,False,False,12.356498873787812,False
2026-09-05 00:37:48,-71.00835966201534,False,False,9.626090185302377,False
2026-09-05 00:37:49,-70.16304534620329,False,False,15.13989033224045,False
2026-09-05 00:37:50,-69.30464703292333,False,False,14.62690735910285,False
2026-09-05 00:37:51,-70.9744571282271,False,False,17.7031866015461,False
2026-09-05 00:37:52,-71.35141615832322,False,False,18.255008058448183,False
2026-09-05 00:37:53,-61.69034342669599,False,False,16.76982583765447,False
2026-09-05 00:37:54,-66.34710884285488,False,False,13.699217968989004,False
2026-09-05 00:37:55,-66.1717977829326,False,False,13.654072458474072,False
2026-09-05 00:37:56,-68.64125343408699,False,False,12.74451320715701,False
2026-09-05 00:37:57,-72.29758807031732,False,False,12.628484602827177,False
2026-09-05 00:37:58,-60.153585330600485,False,False,14.879271215126147,False
2026-09-05 00:37:59,-69.0748174142921,False,False,7.511334019047965,False
2026-09-05 00:38:00,-73.45161345758119,False,False,32.71277207283892,False
2026-09-05 00:38:01,-71.35512930467131,False,False,35.85451207570034,False
2026-09-05 00:38:02,-67.61178119390526,False,False,34.09601469189695,False
2026-09-05 00:38:03,-71.96233106227936,False,False,35.94781406313756,False
2026-09-05 00:38:04,-70.92880852461877,False,False,34.32906241863341,False
2026-09-05 00:38:05,-69.07587821349621,False,False,35.15117219068194,False
2026-09-05 00:38:06,-68.4332189814348,False,False,34.791093605349545,False
2026-09-05 00:38:07,-63.18993594946605,False,False,35.79421303681586,False
2026-09-05 00:38:08,-71.19502038938329,False,False,35.430720382581114,False
2026-09-05 00:38:09,-52.90549079425264,False,False,33.278160998727614,False
2026-09-05 00:38:10,-58.97037838466253,False,False,21.050973388021873,False
2026-09-05 00:38:11,-62.98829847659964,False,False,13.863564472413495,False
2026-09-05 00:38:12,-69.82936371486996,False,False,13.94450340731989,False
2026-09-05 00:38:13,-59.78218657274269,False,False,18.46956084388929,False
2026-09-05 00:38:14,-71.66088881311313,False,False,13.335200090019484,False
2026-09-05 00:38:15,-68.95497178946849,False,False,29.59783399465483,False
2026-09-05 00:38:16,-69.16320355822263,False,False,29.05947566916085,False
2026-09-05 00:38:17,-67.19680281410714,False,False,28.635070961269356,False
2026-09-05 00:38:18,-68.69909981492772,False,False,31.06449466254467,False
2026-09-05 00:38:19,-73.00616060351963,False,False,30.833647395673232,False
2026-09-05 00:38:20,-67.89610476455417,False,False,25.78780569913867,False
2026-09-05 00:38:21,-62.68027796345374,False,False,27.86689103104424,False
2026-09-05 00:38:22,-60.19364975126151,False,False,27.04749862446377,False
2026-09-05 00:38:23,-69.4995995874966,False,False,23.966553710407148,False
2026-09-05 00:38:24,-53.43441398669883,False,False,23.85274373507851,False
2026-09-05 00:38:25,-63.78016288798928,False,False,3.7250053036895174,False
2026-09-05 00:38:26,-68.78655388172763,False,False,1.2496557014359837,False
2026-09-05 00:38:27,-70.36639323744078,False,False,13.543396937158615,False
2026-09-05 00:38:28,-68.9309887030389,False,False,14.171234062730838,False
2026-09-05 00:38:29,-68.22468914825232,False,False,15.296757422545582,False
2026-09-05 00:38:30,-70.64133525111438,False,False,16.586413114616906,False
2026-09-05 00:38:31,-66.40957728817536,False,False,15.511161313270952,False
2026-09-05 00:38:32,-69.5398584816172,False,False,15.327266024567948,False
2026-09-05 00:38:33,-69.00451382181721,False,False,15.465124525484999,False
2026-09-05 00:38:34,-68.66815149589108,False,False,15.239317697209495,False
2026-09-05 00:38:35,-69.15682677877109,False,False,19.245331317323327,False
2026-09-05 00:38:36,-57.21188488364153,False,False,19.2213613224494,False
2026-09-05 00:38:37,-71.23450637309385,False,False,13.403508100799325,False
2026-09-05 00:38:38,-71.11660350789207,False,False,16.01148627269274,False
2026-09-05 00:38:39,-64.50396447375135,False,False,13.856233432812544,False
2026-09-05 00:38:40,-69.12099753875955,False,False,14.524118586069665,False
2026-09-05 00:38:41,-68.44212699297577,False,False,15.702985542932598,False
2026-09-05 00:38:42,-69.08445426769623,False,False,16.40726875932598,False
2026-09-05 00:38:43,-66.65101513330492,False,False,19.990353324295896,False
2026-09-05 00:38:44,-60.47250583769873,False,False,21.496009167962278,False
2026-09-05 00:38:45,-68.66251668881497,False,False,16.529243227723775,False
2026-09-05 00:38:46,-60.97521371721971,False,False,16.57150440968304,False
2026-09-05 00:38:47,-59.47002322113526,False,False,13.565026363916937,False
2026-09-05 00:38:48,-68.60892448486844,False,False,5.349649487794761,False
2026-09-05 00:38:49,-68.3017957785137,False,False,5.475035776454192,False
2026-09-05 00:38:50,-70.58793389532836,False,False,13.230053931225257,False
2026-09-05 00:38:51,-70.14319850371614,False,False,12.586554742376787,False
2026-09-05 00:38:52,-73.03574749336161,False,False,12.411007147489922,False
2026-09-05 00:38:53,-70.71405840161322,False,False,10.269645340928092,False
2026-09-05 00:38:54,-68.21923367296043,False,False,10.253545999492886,False
2026-09-05 00:38:55,-68.84958996778687,False,False,13.952822499394037,False
2026-09-05 00:38:56,-63.6842090066481,False,False,31.708812071369984,False
2026-09-05 00:38:57,-69.90045262563808,False,False,31.571215406519066,False
2026-09-05 00:38:58,-69.98587368274364,False,False,32.91832747954551,False
2026-09-05 00:38:59,-60.04667672578843,False,False,39.30038292331232,False
2026-09-05 00:39:00,-68.60234315959494,False,False,34.61429133365286,False
2026-09-05 00:39:01,-69.15805411122122,False,False,34.4914995605759,False
2026-09-05 00:39:02,-69.01596230401441,False,False,34.78883188314129,False
2026-09-05 00:39:03,-71.05206968533516,False,False,34.399947958554534,False
2026-09-05 00:39:04,-74.30668583974249,False,False,35.71550725398738,False
2026-09-05 00:39:05,-54.30397512444213,False,False,31.37508251129858,False
2026-09-05 00:39:06,-70.95767491201681,False,False,12.614574989921705,False
2026-09-05 00:39:07,-71.72555152808624,False,False,12.502127793046888,False
2026-09-05 00:39:08,-59.22796200918232,False,False,11.870918734397922,False
2026-09-05 00:39:09,-70.78402527983826,False,False,3.621213739203789,False
2026-09-05 00:39:10,-67.88012723190676,False,False,3.4940197451859496,False
2026-09-05 00:39:11,-68.7659881008466,False,False,3.424237709388412,False
2026-09-05 00:39:12,-68.63286135359904,False,False,3.6592257393770438,False
2026-09-05 00:39:13,-72.73191142240107,False,False,3.7206625973209357,False
2026-09-05 00:39:14,-67.5761120292272,False,False,4.198559687522762,False
2026-09-05 00:39:15,-69.47749893753229,False,False,6.371775404407712,False
2026-09-05 00:39:16,-70.7385542784924,False,False,7.494899407227502,False
2026-09-05 00:39:17,-69.7132230653155,False,False,9.213545815615955,False
2026-09-05 00:39:18,-73.55247046579665,False,False,10.748228004767011,False
2026-09-05 00:39:19,-69.18269437703866,False,False,9.918620557127404,False
2026-09-05 00:39:20,-72.05874301636415,False,False,10.129701147643047,False
2026-09-05 00:39:21,-72.70534057168707,False,False,9.30086040230132,False
2026-09-05 00:39:22,-73.04471837243578,False,False,8.575471432394952,False
2026-09-05 00:39:23,-67.77462325002016,False,False,7.289950142836878,False
2026-09-05 00:39:24,-64.78958514825625,False,False,7.047694455192411,False
2026-09-05 00:39:25,-66.932544580167,False,False,5.2150214621483,False
2026-09-05 00:39:26,-65.84711044179134,False,False,27.313979777860226,False
2026-09-05 00:39:27,-73.4147159151859,False,False,27.399934162238942,False
2026-09-05 00:39:28,-72.23304887989732,False,False,34.396338037871836,False
2026-09-05 00:39:29,-67.52837675998612,False,False,33.50618795625708,False
2026-09-05 00:39:30,-70.31179635587334,False,False,36.56401760338473,False
2026-09-05 00:39:31,-71.0965745929812,False,False,38.073344072956324,False
2026-09-05 00:39:32,-69.67996354829442,False,False,38.92102426037422,False
2026-09-05 00:39:33,-68.99643452766492,False,False,38.942230999959,False
2026-09-05 00:39:34,-67.76520236819508,False,False,39.88045823880173,False
2026-09-05 00:39:35,-53.71329057347347,False,False,40.05831682984508,False
2026-09-05 00:39:36,-70.71953729157818,False,False,29.88262263831995,False
2026-09-05 00:39:37,-57.72611818634746,False,False,32.90163409638702,False
2026-09-05 00:39:38,-70.82693032224655,False,False,30.245011515360027,False
2026-09-05 00:39:39,-60.38554767500004,False,False,28.499524195297973,False
2026-09-05 00:39:40,-59.584797547114064,False,False,30.30409170756807,False
2026-09-05 00:39:41,-71.91430182979009,False,False,27.78732611377639,False
2026-09-05 00:39:42,-69.31242423690023,False,False,24.814028626447417,False
2026-09-05 00:39:43,-70.0973047031409,False,False,29.28285569132018,False
2026-09-05 00:39:44,-61.25589906310224,False,False,30.50561862057587,False
2026-09-05 00:39:45,-71.51699066940014,False,False,28.914542791763516,False
2026-09-05 00:39:46,-58.39361565796592,False,False,30.19471512486431,False
2026-09-05 00:39:47,-71.84846628853661,False,False,23.325646697711626,False
2026-09-05 00:39:48,-68.21960317775043,False,False,23.554882768830538,False
2026-09-05 00:39:49,-59.11720180280373,False,False,23.653900579110115,False
2026-09-05 00:39:50,-61.36084549341034,False,False,13.92001219575703,False
2026-09-05 00:39:51,-63.6283110363273,False,False,6.632019186774753,False
2026-09-05 00:39:52,-72.99305851018016,False,False,1.5841373420829357,False
2026-09-05 00:39:53,-71.30004786881379,False,False,1.200729855352479,False
2026-09-05 00:39:54,-70.16687593958072,False,False,1.1577254594595636,False
2026-09-05 00:39:55,-72.89929043939706,False,False,2.745468620018103,False
2026-09-05 00:39:56,-71.84371962625063,False,False,2.8760586986190773,False
2026-09-05 00:39:57,-72.007914744163,False,False,14.792688140341355,False
2026-09-05 00:39:58,-69.58546534120211,False,False,24.58734794604133,False
2026-09-05 00:39:59,-69.8613113259275,False,False,33.7664885458042,False
2026-09-05 00:40:00,-71.44347510667451,False,False,32.32687911319092,False
2026-09-05 00:40:01,-69.64635825572121,False,False,29.488310760020237,False
2026-09-05 00:40:02,-71.09336016917453,False,False,27.51834788032844,False
2026-09-05 00:40:03,-70.5433102206521,False,False,28.798776930108136,False
2026-09-05 00:40:04,-66.65309581940292,False,False,30.341921221326157,False
2026-09-05 00:40:05,-67.3190778964193,False,False,30.93560002189373,False
2026-09-05 00:40:06,-58.072433808864446,False,False,32.27274642492092,False
2026-09-05 00:40:07,-57.18962229054178,False,False,27.187211178871955,False
2026-09-05 00:40:08,-56.42893109773556,False,False,32.53169979631773,False
2026-09-05 00:40:09,-64.7010222447744,False,False,22.410867592381067,False
2026-09-05 00:40:10,-68.36244471249027,False,False,22.717159130152833,False
2026-09-05 00:40:11,-66.9241361631749,False,False,34.36958401090994,False
2026-09-05 00:40:12,-72.24508961248883,False,False,34.138800226671094,False
2026-09-05 00:40:13,-71.83500564202853,False,False,36.708921421452665,False
2026-09-05 00:40:14,-67.964677066313,False,False,34.89436316837906,False
2026-09-05 00:40:15,-69.4570093783487,False,False,40.490588323364534,False
2026-09-05 00:40:16,-68.89704744952095,False,False,40.21306544769466,False
2026-09-05 00:40:17,-54.630657152365245,False,False,43.17612686226514,False
2026-09-05 00:40:18,-69.21860815814371,False,False,36.16140221021776,False
2026-09-05 00:40:19,-64.44561333317543,False,False,40.31465679016653,False
2026-09-05 00:40:20,-55.96464125144726,False,False,44.87945760862441,True
2026-09-05 00:40:21,-67.66082001514445,False,False,40.02950489912147,False
2026-09-05 00:40:22,-56.9823781930435,False,False,42.173977339947854,False
2026-09-05 00:40:23,-70.08695389962773,False,False,41.601408243203764,False
2026-09-05 00:40:24,-73.06221500511144,False,False,42.38429775791043,False
2026-09-05 00:40:25,-68.97149048796433,False,False,34.162642455287006,False
2026-09-05 00:40:26,-57.09944447792283,False,False,36.979845801723044,False
2026-09-05 00:40:27,-70.12438203399863,False,False,38.21605200064126,False
2026-09-05 00:40:28,-56.97957701401903,False,False,36.67916331706024,False
2026-09-05 00:40:29,-70.66815446195989,False,False,37.29022836465842,False
2026-09-05 00:40:30,-58.78551383047707,False,False,41.785982038430106,False
2026-09-05 00:40:31,-59.4769927792221,False,False,37.849475277496815,False
2026-09-05 00:40:32,-56.99035051132144,False,False,34.12972212528325,False
2026-09-05 00:40:33,-70.34870851580567,False,False,27.758776193275747,False
2026-09-05 00:40:34,-60.69775787819272,False,False,27.40296507301313,False
2026-09-05 00:40:35,-70.73905385766672,False,False,24.739501899079603,False
2026-09-05 00:40:36,-55.53667914701781,False,False,24.07028763417814,False
2026-09-05 00:40:37,-68.34790565711698,False,False,8.32790021153968,False
2026-09-05 00:40:38,-70.87352847447643,False,False,18.793878271166186,False
2026-09-05 00:40:39,-73.21315420147735,False,False,17.73259492831299,False
2026-09-05 00:40:40,-66.50083219158915,False,False,16.10995013193786,False
2026-09-05 00:40:41,-67.23709184261902,False,False,18.274962957639566,False
2026-09-05 00:40:42,-72.58452539021124,False,False,18.561936082954215,False
2026-09-05 00:40:43,-68.62058438950962,False,False,17.535858747776015,False
2026-09-05 00:40:44,-62.83996893699699,False,False,19.65099546785347,False
2026-09-05 00:40:45,-69.47302556933788,False,False,18.42555852907763,False
2026-09-05 00:40:46,-69.41155174197301,False,False,17.915762036214883,False
2026-09-05 00:40:47,-58.168883354183,False,False,17.22268315294167,False
2026-09-05 00:40:48,-66.16628512856269,False,False,9.442090113735484,False
2026-09-05 00:40:49,-71.38108210463253,False,False,9.361843419309388,False
2026-09-05 00:40:50,-71.83238383096248,False,False,15.450927287515626,False
2026-09-05 00:40:51,-64.9696794201451,False,False,13.805639637248944,False
2026-09-05 00:40:52,-62.08597488753604,False,False,13.909987618680447,False
2026-09-05 00:40:53,-71.4315199782215,False,False,16.624662363428815,False
2026-09-05 00:40:54,-68.63589586857476,False,False,17.460231312381712,False
2026-09-05 00:40:55,-67.02550768932815,False,False,28.97502188210238,False
2026-09-05 00:40:56,-65.51757925319399,False,False,36.48711829050525,False
2026-09-05 00:40:57,-69.52119099892924,False,False,40.78825707619658,False
2026-09-05 00:40:58,-69.00062977939413,False,False,41.66080917623769,False
2026-09-05 00:40:59,-58.70228673177751,False,False,42.355653332559015,False
2026-09-05 00:41:00,-69.84808946416783,False,False,41.289483227488965,False
2026-09-05 00:41:01,-68.51463516328056,False,False,43.06266814347083,False
2026-09-05 00:41:02,-59.87560601488627,False,False,44.57971887800845,True
2026-09-05 00:41:03,-72.4753248446546,False,False,48.97596880557482,True
2026-09-05 00:41:04,-55.182307571078624,False,False,50.01110611174623,True
2026-09-05 00:41:05,-56.27131161576928,False,False,42.25171646190902,False
2026-09-05 00:41:06,-71.52657220835717,False,False,31.90737154549788,False
2026-09-05 00:41:07,-69.9241243291048,False,False,34.806505826469476,False
2026-09-05 00:41:08,-59.52185269097647,False,False,33.521620715285266,False
2026-09-05 00:41:09,-70.41862763915873,False,False,29.761444685090527,False
2026-09-05 00:41:10,-58.07404845392486,False,False,28.87054283710641,False
2026-09-05 00:41:11,-57.87966638324664,False,False,22.673734974883835,False
2026-09-05 00:41:12,-71.57197206526996,False,False,14.389257630490075,False
2026-09-05 00:41:13,-72.76208920630755,False,False,12.428460792325524,False
2026-09-05 00:41:14,-69.39236280879025,False,False,8.587635261409735,False
2026-09-05 00:41:15,-68.55687498974771,False,False,12.880107279564559,False
2026-09-05 00:41:16,-58.69196522457925,False,False,12.890487514392754,False
2026-09-05 00:41:17,-67.09347867335794,False,False,10.86411776975408,False
2026-09-05 00:41:18,-66.25580306346731,False,False,13.21934058244687,False
2026-09-05 00:41:19,-68.61416275393678,False,False,14.818564060672887,False
2026-09-05 00:41:20,-63.65939729807495,False,False,20.513725163786752,False
2026-09-05 00:41:21,-66.5612441875854,False,False,28.4602810933031,False
2026-09-05 00:41:22,-66.01496929366377,False,False,31.593649153176166,False
2026-09-05 00:41:23,-65.81350499093347,False,False,33.34428157752142,False
2026-09-05 00:41:24,-57.72038157062353,False,False,34.21875472876787,False
2026-09-05 00:41:25,-68.2808242260404,False,False,30.017109045399053,False
2026-09-05 00:41:26,-60.49592092396628,False,False,30.186738812357646,False
2026-09-05 00:41:27,-70.09082243586448,False,False,25.687292406346224,False
2026-09-05 00:41:28,-69.94922315891517,False,False,25.65477247022663,False
2026-09-05 00:41:29,-73.8393463123953,False,False,25.415867658925592,False
2026-09-05 00:41:30,-56.44297296620585,False,False,22.154238152456703,False
2026-09-05 00:41:31,-71.37945554812835,False,False,19.74312390725094,False
2026-09-05 00:41:32,-61.54272368382459,False,False,18.506587764209662,False
2026-09-05 00:41:33,-67.11273599306237,False,False,21.360467951296368,False
2026-09-05 00:41:34,-72.51301378855851,False,False,23.137454924023466,False
2026-09-05 00:41:35,-68.37358962650404,False,False,20.256041036779614,False
2026-09-05 00:41:36,-70.55792586066362,False,False,22.163035261902994,False
2026-09-05 00:41:37,-70.55952033699167,False,False,21.405056083706956,False
2026-09-05 00:41:38,-68.41925620789658,False,False,25.18221337926832,False
2026-09-05 00:41:39,-69.31989741086223,False,False,29.36976959670921,False
2026-09-05 00:41:40,-57.461021989856704,False,False,29.857960541884502,False
2026-09-05 00:41:41,-68.06363067893427,False,False,24.203370666208958,False
2026-09-05 00:41:42,-59.4732651387323,False,False,24.271480389288126,False
2026-09-05 00:41:43,-71.2244734690155,False,False,19.362501525799033,False
2026-09-05 00:41:44,-66.70596449828747,False,False,20.246625519858224,False
2026-09-05 00:41:45,-71.6508210599579,False,False,21.583640610367645,False
2026-09-05 00:41:46,-64.10181114938256,False,False,20.622687591050433,False
2026-09-05 00:41:47,-58.48392875598645,False,False,22.090406891614194,False
2026-09-05 00:41:48,-72.70214873241605,False,False,19.93978711805694,False
2026-09-05 00:41:49,-61.567956878511055,False,False,18.374100643345493,False
2026-09-05 00:41:50,-69.03626787656302,False,False,18.203549636416568,False
2026-09-05 00:41:51,-68.90547040524406,False,False,22.521611855105068,False
2026-09-05 00:41:52,-68.90223232936528,False,False,22.82304000791016,False
2026-09-05 00:41:53,-61.35552142451078,False,False,23.574200669877985,False
2026-09-05 00:41:54,-70.2509085200058,False,False,22.161788408230954,False
2026-09-05 00:41:55,-61.79656508839509,False,False,21.061158383733606,False
2026-09-05 00:41:56,-69.82821398741333,False,False,22.706736177391097,False
2026-09-05 00:41:57,-74.43860074549507,False,False,22.34157567338846,False
2026-09-05 00:41:58,-70.45959926115039,False,False,16.79253119999823,False
2026-09-05 00:41:59,-61.3680281094577,False,False,15.064525673728141,False
2026-09-05 00:42:00,-60.17743975424513,False,False,15.981955355252248,False
2026-09-05 00:42:01,-64.02948199479317,False,False,11.178856907450992,False
2026-09-05 00:42:02,-69.2650366690514,False,False,10.972960393054944,False
2026-09-05 00:42:03,-70.62705937234479,False,False,10.737188259933951,False
2026-09-05 00:42:04,-68.1563969960455,False,False,14.421473002388552,False
2026-09-05 00:42:05,-60.08517236536696,False,False,15.05009550301657,False
2026-09-05 00:42:06,-69.15981101909632,False,False,10.208529658376543,False
2026-09-05 00:42:07,-68.78629881356866,False,False,10.388981047508498,False
2026-09-05 00:42:08,-65.88691287034092,False,False,10.1525703998828,False
2026-09-05 00:42:09,-72.26177687065183,False,False,10.92564479320983,False
2026-09-05 00:42:10,-69.05273584637709,False,False,12.02725899590054,False
2026-09-05 00:42:11,-71.85276225996307,False,False,13.114751209876138,False
2026-09-05 00:42:12,-68.8889747073155,False,False,13.704608437148863,False
2026-09-05 00:42:13,-61.34468808948776,False,False,14.388023167993643,False
2026-09-05 00:42:14,-64.88519715302687,False,False,8.989197655585537,False
2026-09-05 00:42:15,-70.59017982847581,False,False,8.535389581440256,False
2026-09-05 00:42:16,-68.04836656131059,False,False,13.690746306049723,False
2026-09-05 00:42:17,-68.16309111211517,False,False,13.919723415908464,False
2026-09-05 00:42:18,-72.49143475289277,False,False,21.537889732487933,False
2026-09-05 00:42:19,-63.12930544768314,False,False,18.935491833512863,False
2026-09-05 00:42:20,-71.41915970949835,False,False,17.369462149926928,False
2026-09-05 00:42:21,-72.51700982135067,False,False,19.304589154084123,False
2026-09-05 00:42:22,-70.43403410084873,False,False,20.570493521835395,False
2026-09-05 00:42:23,-70.61696557691164,False,False,19.472744586969277,False
2026-09-05 00:42:24,-65.14656702730896,False,False,18.48159292775065,False
2026-09-05 00:42:25,-61.440483342643226,False,False,23.710576018535626,False
2026-09-05 00:42:26,-67.3086228377195,False,False,21.720357574375765,False
2026-09-05 00:42:27,-59.14780940119283,False,False,21.935020504112522,False
2026-09-05 00:42:28,-67.9572334091412,False,False,15.36583200027427,False
2026-09-05 00:42:29,-65.82311445426015,False,False,19.53990828622662,False
2026-09-05 00:42:30,-73.17196662447591,False,False,19.09174845048739,False
2026-09-05 00:42:31,-73.7598487702781,False,False,18.139551112703007,False
2026-09-05 00:42:32,-66.25806964925644,False,False,16.283570361933354,False
2026-09-05 00:42:33,-69.2207716452582,False,False,18.6355607772131,False
2026-09-05 00:42:34,-59.24059105254511,False,False,28.63143645870873,False
2026-09-05 00:42:35,-68.93074182775513,False,False,26.865189806248235,False
2026-09-05 00:42:36,-67.76162341487304,False,False,27.925860622787184,False
2026-09-05 00:42:37,-69.99324898680568,False,False,34.42297222322993,False
2026-09-05 00:42:38,-61.13948867775835,False,False,33.28117917522878,False
2026-09-05 00:42:39,-68.15145972092434,False,False,30.781725335717415,False
2026-09-05 00:42:40,-72.02779190458507,False,False,32.27211497657872,False
2026-09-05 00:42:41,-62.10576907011195,False,False,30.387626484113166,False
2026-09-05 00:42:42,-71.85084925211918,False,False,30.45876831288283,False
2026-09-05 00:42:43,-55.90180852351829,False,False,29.724795152721036,False
2026-09-05 00:42:44,-71.79069264472605,False,False,13.944731747171014,False
2026-09-05 00:42:45,-70.81620167832044,False,False,38.54471800501726,False
2026-09-05 00:42:46,-58.632275889415375,False,False,40.02496769740644,False
2026-09-05 00:42:47,-68.69772751635269,False,False,31.977276061872214,False
2026-09-05 00:42:48,-68.28309776668667,False,False,32.269546350280756,False
2026-09-05 00:42:49,-70.46924113991483,False,False,31.864721270703722,False
2026-09-05 00:42:50,-69.92352401007994,False,False,31.4222511542426,False
2026-09-05 00:42:51,-72.8971828292671,False,False,31.28855479683413,False
2026-09-05 00:42:52,-70.59935329601358,False,False,29.99813449128995,False
2026-09-05 00:42:53,-70.10040923408349,False,False,29.739376008884697,False
2026-09-05 00:42:54,-52.06861186565376,False,False,43.481030156262435,False
2026-09-05 00:42:55,-72.22393405154833,False,False,24.77250647499223,False
2026-09-05 00:42:56,-67.07164552249513,False,False,23.86163037606993,False
2026-09-05 00:42:57,-68.00628245306838,False,False,27.603523412764464,False
2026-09-05 00:42:58,-69.43872719101972,False,False,28.07618310715075,False
2026-09-05 00:42:59,-66.48275903160973,False,False,27.989893178838948,False
2026-09-05 00:43:00,-69.25578905478628,False,False,36.70589617102799,False
2026-09-05 00:43:01,-62.93652492422298,False,False,36.1732938597777,False
2026-09-05 00:43:02,-70.10624130603509,False,False,37.7345660003666,False
2026-09-05 00:43:03,-53.50324343346361,False,False,38.94135422877491,False
2026-09-05 00:43:04,-67.80706153237823,False,False,22.901616781588295,False
2026-09-05 00:43:05,-71.25135457499242,False,False,22.86067365367621,False
2026-09-05 00:43:06,-72.63849438919753,False,False,26.707948148472155,False
2026-09-05 00:43:07,-70.40596127479131,False,False,25.256292900104462,False
2026-09-05 00:43:08,-64.26002425719159,False,False,24.71494592895953,False
2026-09-05 00:43:09,-56.99298021358392,False,False,23.53881667744252,False
2026-09-05 00:43:10,-67.52512373063172,False,False,11.137702094047876,False
2026-09-05 00:43:11,-70.91460331017358,False,False,12.870855151416484,False
2026-09-05 00:43:12,-60.977556752526354,False,False,12.787605662397777,False
2026-09-05 00:43:13,-69.8839545303832,False,False,8.701797323588256,False
2026-09-05 00:43:14,-68.30313823558943,False,False,9.306271853349031,False
2026-09-05 00:43:15,-74.49377866796921,False,False,15.501420274861388,False
2026-09-05 00:43:16,-71.2134005895306,False,False,12.950200398512816,False
2026-09-05 00:43:17,-69.57743261544105,False,False,12.877450743729895,False
2026-09-05 00:43:18,-67.59984208714627,False,False,15.732066513243623,False
2026-09-05 00:43:19,-70.98380489501241,False,False,15.296890150977372,False
2026-09-05 00:43:20,-73.75310541208376,False,False,15.06826483405429,False
2026-09-05 00:43:21,-68.76057710806772,False,False,12.853032981586395,False
2026-09-05 00:43:22,-63.52274666997225,False,False,14.327958648149599,False
2026-09-05 00:43:23,-72.37933331818073,False,False,11.084926329813491,False
2026-09-05 00:43:24,-61.86184375042852,False,False,20.369877362023555,False
2026-09-05 00:43:25,-70.3690507153117,False,False,15.5556221817472,False
2026-09-05 00:43:26,-71.20948932907642,False,False,33.40204626136195,False
2026-09-05 00:43:27,-74.41113211419814,False,False,33.994166043190816,False
2026-09-05 00:43:28,-68.20586760622574,False,False,29.513117963064115,False
2026-09-05 00:43:29,-67.45024991744256,False,False,40.40283644546527,False
2026-09-05 00:43:30,-68.69695601732099,False,False,50.016833543954945,True
2026-09-05 00:43:31,-72.27537134084963,False,False,54.22913111494357,True
2026-09-05 00:43:32,-70.40298306789504,False,False,46.05796250402759,True
2026-09-05 00:43:33,-58.708561473879016,False,False,45.55212967808066,True
2026-09-05 00:43:34,-68.80241122087618,False,False,46.09202696229294,True
2026-09-05 00:43:35,-54.78458970405054,False,False,46.59226543745878,True
2026-09-05 00:43:36,-71.46834759755698,False,False,44.46318887282986,True
2026-09-05 00:43:37,-69.83600888717288,False,False,40.26272189420224,False
2026-09-05 00:43:38,-55.870083411872656,False,False,36.81720639636069,False
2026-09-05 00:43:39,-54.85440846715719,False,False,34.209783698208405,False
2026-09-05 00:43:40,-55.89456528151402,False,False,25.083139484378556,False
2026-09-05 00:43:41,-60.13414375032305,False,False,12.621615003457178,False
2026-09-05 00:43:42,-69.83234674414128,False,False,5.457272125215443,False
2026-09-05 00:43:43,-67.17908170959299,False,False,5.375192355052411,False
2026-09-05 00:43:44,-69.18047440808101,False,False,5.200353599991597,False
2026-09-05 00:43:45,-71.72217582034715,False,False,5.698149294697034,False
2026-09-05 00:43:46,-67.19326005974962,False,False,4.783012527617066,False
2026-09-05 00:43:47,-63.228670254321486,False,False,4.824060083815793,False
2026-09-05 00:43:48,-70.88608804225696,False,False,1.7155136350393232,False
2026-09-05 00:43:49,-70.95898593479849,False,False,2.2220730591341313,False
2026-09-05 00:43:50,-69.40684890971848,False,False,8.934530718534969,False
2026-09-05 00:43:51,-69.07363040946483,False,False,9.004347398982326,False
2026-09-05 00:43:52,-69.60541546873759,False,False,9.621850826025534,False
2026-09-05 00:43:53,-69.37738265311422,False,False,11.034816867346112,False
2026-09-05 00:43:54,-66.60008525084724,False,False,11.654178209381822,False
2026-09-05 00:43:55,-67.85691369553022,False,False,12.127666634221992,False
2026-09-05 00:43:56,-69.61872881746996,False,False,12.531444082339894,False
2026-09-05 00:43:57,-68.11737883846503,False,False,12.716126223609818,False
2026-09-05 00:43:58,-72.06504780705508,False,False,13.463482805494138,False
2026-09-05 00:43:59,-60.11621572739466,False,False,13.039505230065515,False
2026-09-05 00:44:00,-66.38138730053377,False,False,26.519227309702377,False
2026-09-05 00:44:01,-70.43609179078474,False,False,26.191375995329548,False
2026-09-05 00:44:02,-71.69526785723816,False,False,39.88884404052512,False
2026-09-05 00:44:03,-71.30417777718613,False,False,54.89206785513329,True
2026-09-05 00:44:04,-72.17926607468478,False,False,59.420475655147165,True
2026-09-05 00:44:05,-71.56952381625541,False,False,59.66152981090113,True
2026-09-05 00:44:06,-70.74101619718006,False,False,55.67731369322452,True
2026-09-05 00:44:07,-72.81113403835728,False,False,57.94726235050824,True
2026-09-05 00:44:08,-69.96876333210079,False,False,51.14504049015079,True
2026-09-05 00:44:09,-54.47383413273163,False,False,50.63563146436905,True
2026-09-05 00:44:10,-71.81551236029384,False,False,44.20567044514725,True
2026-09-05 00:44:11,-57.37173497206298,False,False,45.38007844933766,True
2026-09-05 00:44:12,-54.68258487696912,False,False,43.43570552308362,False
2026-09-05 00:44:13,-57.1201861637048,False,False,29.34223916249752,False
2026-09-05 00:44:14,-56.89750410720272,False,False,18.4940927989298,False
2026-09-05 00:44:15,-68.29094954586677,False,False,6.362380782996303,False
2026-09-05 00:44:16,-72.18386780079062,False,False,7.123750799332056,False
2026-09-05 00:44:17,-68.21950499832698,False,False,6.887518073677233,False
2026-09-05 00:44:18,-69.65632132041294,False,False,8.53955203312878,False
2026-09-05 00:44:19,-68.89349756003043,False,False,8.385345605994264,False
2026-09-05 00:44:20,-72.3511892112497,False,False,8.475533866558802,False
2026-09-05 00:44:21,-71.79013968455321,False,False,8.151535795406195,False
2026-09-05 00:44:22,-68.80554356349323,False,False,7.205995173034173,False
2026-09-05 00:44:23,-71.8966960084484,False,False,7.132939230457383,False
2026-09-05 00:44:24,-63.61096824240175,False,False,6.745718661580392,False
2026-09-05 00:44:25,-72.7342756129205,False,False,4.701009555693586,False
2026-09-05 00:44:26,-68.30365157466666,False,False,5.773566252901654,False
2026-09-05 00:44:27,-65.22726276682725,False,False,5.71892556846004,False
2026-09-05 00:44:28,-68.89540012464096,False,False,4.9576462741130465,False
2026-09-05 00:44:29,-68.748738132708,False,False,4.6652628919074735,False
2026-09-05 00:44:30,-71.39354363685915,False,False,4.396021548988738,False
2026-09-05 00:44:31,-68.83594686583055,False,False,4.545145452576085,False
2026-09-05 00:44:32,-69.47911547333288,False,False,4.412370778893105,False
2026-09-05 00:44:33,-71.07768371238548,False,False,4.475843625548179,False
2026-09-05 00:44:34,-66.06670696163623,False,False,4.658368078215109,False
2026-09-05 00:44:35,-73.92525138334516,False,False,2.899654280053487,False
2026-09-05 00:44:36,-69.3006999054006,False,False,15.621966299078988,False
2026-09-05 00:44:37,-73.12960554272411,False,False,15.701631475241026,False
2026-09-05 00:44:38,-69.80931160111739,False,False,15.969785496126978,False
2026-09-05 00:44:39,-70.52689643216449,False,False,16.037297455985293,False
2026-09-05 00:44:40,-68.64171444912361,False,False,15.216829900320818,False
2026-09-05 00:44:41,-70.60409099897973,False,False,16.152260147589608,False
2026-09-05 00:44:42,-70.65889557269418,False,False,16.353812628755332,False
2026-09-05 00:44:43,-68.5362585914234,False,False,18.09205840472357,False
2026-09-05 00:44:44,-69.32988394183177,False,False,18.42119834663678,False
2026-09-05 00:44:45,-57.4885871710812,False,False,18.681184939322385,False
2026-09-05 00:44:46,-69.06146482038295,False,False,6.374560132369427,False
2026-09-05 00:44:47,-73.0711442464142,False,False,17.790881222010476,False
2026-09-05 00:44:48,-68.48642264002603,False,False,17.46410302933083,False
2026-09-05 00:44:49,-68.7750624119728,False,False,17.80489643869886,False
2026-09-05 00:44:50,-72.03336625715299,False,False,17.85391094842781,False
2026-09-05 00:44:51,-70.4881609473484,False,False,65.77598298239292,True
2026-09-05 00:44:52,-63.62755884129076,False,False,102.94034605808588,True
2026-09-05 00:44:53,-70.26899356880347,False,False,188.78470978525988,True
2026-09-05 00:44:54,-69.33228006686294,False,False,249.83228718793507,True
2026-09-05 00:44:55,-67.13726643633763,False,False,236.9021230550884,True
2026-09-05 00:44:56,-57.80026716491832,False,False,217.2166906357792,True
2026-09-05 00:44:57,-72.6244383868628,False,False,213.25345706058337,True
2026-09-05 00:44:58,-68.7558600193879,False,False,150.02398789775881,True
2026-09-05 00:44:59,-67.34213336092918,False,False,91.57394039178796,True
2026-09-05 00:45:00,-43.78530736359152,True,False,49.313141059256296,True
2026-09-05 00:45:01,-43.39471723530573,True,False,53.682842950946586,True
2026-09-05 00:45:02,-31.29610247802232,True,True,51.560882217579284,True
2026-09-05 00:45:03,-29.30209924506854,True,True,46.37138321847256,True
2026-09-05 00:45:04,-42.71180527659122,True,False,33.640965795347995,False
2026-09-05 00:45:05,-44.16827354942062,True,False,34.47092823523532,False
2026-09-05 00:45:06,-43.324720410360754,True,False,38.66340934582678,False
2026-09-05 00:45:07,-45.74599777091824,True,False,39.366805168122646,False
2026-09-05 00:45:08,-43.72143822588448,True,False,39.46106300201883,False
2026-09-05 00:45:09,-26.325883810392728,True,True,39.762956480108556,False
2026-09-05 00:45:10,-47.76093843180131,True,False,9.286079847975142,False
2026-09-05 00:45:11,-42.39923317089678,True,False,8.716764123522065,False
2026-09-05 00:45:12,-42.93281084243426,True,False,9.635797640986123,False
2026-09-05 00:45:13,-48.54732658496498,True,False,22.61752459021597,False
2026-09-05 00:45:14,-44.23149668594535,True,False,21.276028430124303,False
2026-09-05 00:45:15,-49.96946926902668,True,False,20.10594703542501,False
2026-09-05 00:45:16,-41.11030824396511,True,False,16.174905358216044,False
2026-09-05 00:45:17,-40.33292919459503,True,False,16.57755445947115,False
2026-09-05 00:45:18,-43.99002598121652,True,False,17.528723952439513,False
2026-09-05 00:45:19,-44.93946555578959,True,False,17.989341097047323,False
2026-09-05 00:45:20,-41.69581410255987,True,False,19.705450597633956,False
2026-09-05 00:45:21,-47.18023877779507,True,False,72.5338060187186,True
2026-09-05 00:45:22,-32.178202567028414,True,True,112.98496809316521,True
2026-09-05 00:45:23,-40.640587629023045,True,False,102.0300223391823,True
2026-09-05 00:45:24,-39.60668429667739,True,False,127.22123908779119,True
2026-09-05 00:45:25,-45.36750056162563,True,False,115.8419548707842,True
2026-09-05 00:45:26,-45.61392015557016,True,False,102.87146649565412,True
2026-09-05 00:45:27,-44.60898458324939,True,False,100.21351316102931,True
2026-09-05 00:45:28,-46.398517370723,True,False,79.56597442218474,True
2026-09-05 00:45:29,-46.75462305528524,True,False,52.258438115468685,True
2026-09-05 00:45:30,-67.53825097369052,False,False,20.25549207774697,False
2026-09-05 00:45:31,-66.62997144258298,False,False,21.084267675920803,False
2026-09-05 00:45:32,-62.00845328711488,False,False,22.26709661384115,False
2026-09-05 00:45:33,-71.75962870700411,False,False,21.415500047572785,False
2026-09-05 00:45:34,-66.02587777660112,False,False,19.119707173109077,False
2026-09-05 00:45:35,-56.703785554512464,False,False,19.09219088364045,False
2026-09-05 00:45:36,-70.67027556234291,False,False,8.331188380812712,False
2026-09-05 00:45:37,-69.31532433102076,False,False,7.955890260466703,False
2026-09-05 00:45:38,-66.89167915857045,False,False,9.562783121941374,False
2026-09-05 00:45:39,-60.23008884207475,False,False,9.290866282755001,False
2026-09-05 00:45:40,-69.17026899927617,False,False,1.4377949419409854,False
2026-09-05 00:45:41,-69.07342293976379,False,False,9.78852552622856,False
2026-09-05 00:45:42,-69.91297066271306,False,False,10.141500374334226,False
2026-09-05 00:45:43,-68.88372097096298,False,False,10.788628118049903,False
2026-09-05 00:45:44,-67.3901272744009,False,False,20.003452265293756,False
2026-09-05 00:45:45,-70.5932149181396,False,False,23.95653746759621,False
2026-09-05 00:45:46,-69.51735613016643,False,False,24.20438790666234,False
2026-09-05 00:45:47,-72.30202816723902,False,False,24.682026217603582,False
2026-09-05 00:45:48,-69.22735336437688,False,False,23.829678659412235,False
2026-09-05 00:45:49,-70.40894244197224,False,False,25.656153616724197,False
2026-09-05 00:45:50,-59.97447237936487,False,False,24.857465257199713,False
2026-09-05 00:45:51,-66.85396054957029,False,False,28.330261549224986,False
2026-09-05 00:45:52,-70.93161113823632,False,False,30.504817996497195,False
2026-09-05 00:45:53,-58.512667000831314,False,False,29.564388609063638,False
2026-09-05 00:45:54,-60.690107655622086,False,False,25.08295969476511,False
2026-09-05 00:45:55,-70.90331895231924,False,False,24.995291605019776,False
2026-09-05 00:45:56,-69.60995003194374,False,False,23.853633170668072,False
2026-09-05 00:45:57,-71.51656413777518,False,False,25.15941727913599,False
2026-09-05 00:45:58,-72.26123066987505,False,False,24.947198502834745,False
2026-09-05 00:45:59,-68.75457755219946,False,False,23.134102545411615,False
2026-09-05 00:46:00,-57.71582719580909,False,False,24.942068767080798,False
2026-09-05 00:46:01,-71.60863151931999,False,False,20.45376851529547,False
2026-09-05 00:46:02,-68.2092891384748,False,False,19.968462330842257,False
2026-09-05 00:46:03,-61.86093819576901,False,False,29.60311314824393,False
2026-09-05 00:46:04,-60.342033657883,False,False,29.59940793924552,False
2026-09-05 00:46:05,-68.35931197477508,False,False,29.595180708545342,False
2026-09-05 00:46:06,-62.26194691085343,False,False,31.54346488168734,False
2026-09-05 00:46:07,-60.04406789131674,False,False,30.50016203686791,False
2026-09-05 00:46:08,-71.03285928777514,False,False,26.572878996039435,False
2026-09-05 00:46:09,-70.3929331668562,False,False,34.99628516147688,False
2026-09-05 00:46:10,-70.41171886176068,False,False,34.26932668395599,False
2026-09-05 00:46:11,-71.49315669308048,False,False,33.11367899981819,False
2026-09-05 00:46:12,-55.63403987363351,False,False,33.213307012423094,False
2026-09-05 00:46:13,-62.05979371209492,False,False,24.04394047651714,False
2026-09-05 00:46:14,-70.98230749428421,False,False,22.080198936428125,False
2026-09-05 00:46:15,-70.56975098673934,False,False,31.773483857822846,False
2026-09-05 00:46:16,-70.51235950499075,False,False,40.90869248040303,False
2026-09-05 00:46:17,-62.777777090023086,False,False,42.34793634604101,False
2026-09-05 00:46:18,-56.73803632947232,False,False,45.94991262355539,True
2026-09-05 00:46:19,-69.04111696382787,False,False,35.63665256470616,False
2026-09-05 00:46:20,-68.25096585173496,False,False,35.05524701743401,False
2026-09-05 00:46:21,-71.29953045369653,False,False,34.92230479992746,False
2026-09-05 00:46:22,-72.40640171077828,False,False,35.02299535264441,False
2026-09-05 00:46:23,-72.0840888244862,False,False,34.02157699514878,False
2026-09-05 00:46:24,-57.328992426569016,False,False,33.965491604436025,False
2026-09-05 00:46:25,-55.87704214840869,False,False,21.19721500410059,False
2026-09-05 00:46:26,-71.53999213239491,False,False,1.1108633815123865,False
2026-09-05 00:46:27,-72.59223332849979,False,False,1.4168637508323743,False
2026-09-05 00:46:28,-70.91224165494837,False,False,1.94040743973067,False
2026-09-05 00:46:29,-69.63714675977205,False,False,14.11275717026345,False
2026-09-05 00:46:30,-68.80994106832887,False,False,14.102675370888246,False
2026-09-05 00:46:31,-71.11484610621665,False,False,14.259522903858599,False
2026-09-05 00:46:32,-70.82599564428686,False,False,16.29914821081267,False
2026-09-05 00:46:33,-71.85339661769463,False,False,15.687902608928383,False
2026-09-05 00:46:34,-70.06287834074955,False,False,15.730044301269299,False
2026-09-05 00:46:35,-71.69685726838163,False,False,27.842473382168215,False
2026-09-05 00:46:36,-68.8537443735176,False,False,29.656025951088488,False
2026-09-05 00:46:37,-73.57173298386822,False,False,30.180777004960184,False
2026-09-05 00:46:38,-59.0224196202722,False,False,27.751643225253986,False
2026-09-05 00:46:39,-69.39778532161651,False,False,35.52249035423989,False
2026-09-05 00:46:40,-69.63233096735499,False,False,36.92944951640799,False
2026-09-05 00:46:41,-64.61393267203901,False,False,43.49091514713598,False
2026-09-05 00:46:42,-69.30039995086419,False,False,46.80418458890968,True
2026-09-05 00:46:43,-72.00810919368402,False,False,45.12775990625525,True
2026-09-05 00:46:44,-56.98623833056962,False,False,44.03485713418244,True
2026-09-05 00:46:45,-73.5524926669329,False,False,35.26207815907137,False
2026-09-05 00:46:46,-70.16119949859352,False,False,30.477562866015923,False
2026-09-05 00:46:47,-64.03575033861222,False,False,29.666414754519206,False
2026-09-05 00:46:48,-54.70956688789434,False,False,32.90321953606802,False
2026-09-05 00:46:49,-71.09908054919107,False,False,20.33147726962589,False
2026-09-05 00:46:50,-57.27566451982548,False,False,23.564242815967265,False
2026-09-05 00:46:51,-71.27111568280881,False,False,13.109873715040456,False
2026-09-05 00:46:52,-66.52229729629333,False,False,11.923100698272554,False
2026-09-05 00:46:53,-70.64248553223582,False,False,24.97171025115545,False
2026-09-05 00:46:54,-66.3348859130416,False,False,23.962190915430053,False
2026-09-05 00:46:55,-68.37169647576347,False,False,25.251261930485313,False
2026-09-05 00:46:56,-69.03586654532923,False,False,25.385126616138677,False
2026-09-05 00:46:57,-59.945931563927125,False,False,24.662986780947005,False
2026-09-05 00:46:58,-69.2124054035675,False,False,19.675496867097937,False
2026-09-05 00:46:59,-73.85534515869122,False,False,19.60033472851868,False
2026-09-05 00:47:00,-70.5577667883015,False,False,16.68711245331833,False
2026-09-05 00:47:01,-68.30968405763136,False,False,19.16389177382011,False
2026-09-05 00:47:02,-56.083326071564414,False,False,20.833269267087804,False
2026-09-05 00:47:03,-66.35470459527478,False,False,14.555786362367723,False
2026-09-05 00:47:04,-70.10480890115494,False,False,14.371692748863419,False
2026-09-05 00:47:05,-66.59178896748902,False,False,16.25977414894934,False
2026-09-05 00:47:06,-67.50621656893055,False,False,16.787684151776823,False
2026-09-05 00:47:07,-70.12400801873207,False,False,16.94332695538952,False
2026-09-05 00:47:08,-68.09710144588382,False,False,16.77688719423607,False
2026-09-05 00:47:09,-70.73301404073611,False,False,17.273798090195406,False
2026-09-05 00:47:10,-73.40774317365344,False,False,17.143684962484688,False
2026-09-05 00:47:11,-71.84893197625911,False,False,23.08433574872864,False
2026-09-05 00:47:12,-58.860304505320016,False,False,24.787596198007126,False
2026-09-05 00:47:13,-70.5479861636586,False,False,28.363319078382045,False
2026-09-05 00:47:14,-64.16641618985008,False,False,30.728852251638596,False
2026-09-05 00:47:15,-70.59967639254977,False,False,31.1260900955466,False
2026-09-05 00:47:16,-66.19172682085399,False,False,33.16743504469627,False
2026-09-05 00:47:17,-66.74808216927588,False,False,35.106148177581915,False
2026-09-05 00:47:18,-65.56243953310373,False,False,40.23730800275409,False
2026-09-05 00:47:19,-70.3180904208001,False,False,44.15973259298832,True
2026-09-05 00:47:20,-56.913586870938005,False,False,45.063402396532396,True
2026-09-05 00:47:21,-73.03328509884159,False,False,38.52482899396658,False
2026-09-05 00:47:22,-56.58222647564608,False,False,34.75018577979348,False
2026-09-05 00:47:23,-72.33555910253587,False,False,26.389018847634098,False
2026-09-05 00:47:24,-62.61590165011111,False,False,24.24370088228212,False
2026-09-05 00:47:25,-58.92718076950712,False,False,22.70645564638881,False
2026-09-05 00:47:26,-59.41383987292829,False,False,16.767260298115694,False
2026-09-05 00:47:27,-71.6745248620994,False,False,9.787218446426083,False
2026-09-05 00:47:28,-71.21575052135164,False,False,9.294116911557413,False
2026-09-05 00:47:29,-71.07824540629795,False,False,8.683137112503363,False
2026-09-05 00:47:30,-71.09653758985016,False,False,7.8270507755189955,False
2026-09-05 00:47:31,-68.33333217643938,False,False,7.8633290962226114,False
2026-09-05 00:47:32,-62.35474918329841,False,False,8.09494245810328,False
2026-09-05 00:47:33,-69.55891714597226,False,False,5.074492873386207,False
2026-09-05 00:47:34,-67.56408169538888,False,False,5.047605362977488,False
2026-09-05 00:47:35,-64.0753045287847,False,False,4.789090689104466,False
2026-09-05 00:47:36,-71.43583778149521,False,False,1.7376192965441437,False
2026-09-05 00:47:37,-70.4610492503605,False,False,1.9249713476101853,False
2026-09-05 00:47:38,-67.64054958327858,False,False,5.845198243976144,False
2026-09-05 00:47:39,-69.61178473809329,False,False,5.444931491533843,False
2026-09-05 00:47:40,-71.0624285892152,False,False,5.878557269674785,False
2026-09-05 00:47:41,-69.03224669762392,False,False,6.209727836328324,False
2026-09-05 00:47:42,-72.20458429967285,False,False,6.078226076969897,False
2026-09-05 00:47:43,-68.63728097911411,False,False,7.522871470055851,False
2026-09-05 00:47:44,-69.18278538459647,False,False,7.675605829811457,False
2026-09-05 00:47:45,-70.61561694227777,False,False,7.541061757898918,False
2026-09-05 00:47:46,-71.67717159689447,False,False,7.8230920632312335,False
2026-09-05 00:47:47,-63.275328299451125,False,False,8.021706664311203,False
2026-09-05 00:47:48,-68.93036532730818,False,False,3.2484838253327455,False
2026-09-05 00:47:49,-67.54203899502187,False,False,2.972179198495343,False
2026-09-05 00:47:50,-71.27461549405758,False,False,1.853195432611,False
2026-09-05 00:47:51,-69.08322659289703,False,False,3.060722560486195,False
2026-09-05 00:47:52,-74.17405403720414,False,False,4.992158007187217,False
2026-09-05 00:47:53,-71.1692354613144,False,False,3.8249410493543143,False
2026-09-05 00:47:54,-70.0621178657418,False,False,4.079831925500274,False
2026-09-05 00:47:55,-71.81936683396367,False,False,6.393520226824083,False
2026-09-05 00:47:56,-71.87301274957919,False,False,6.327783743505314,False
2026-09-05 00:47:57,-71.33555911293777,False,False,20.89536291675334,False
2026-09-05 00:47:58,-69.41561454334726,False,False,20.971109304818928,False
2026-09-05 00:47:59,-70.37465803681275,False,False,21.608024442517316,False
2026-09-05 00:48:00,-74.47646246664995,False,False,35.027604087009465,False
2026-09-05 00:48:01,-66.31749006679273,False,False,34.56950003463322,False
2026-09-05 00:48:02,-71.21373035571435,False,False,39.724255050351886,False
2026-09-05 00:48:03,-69.08462682789289,False,False,38.822029572636765,False
2026-09-05 00:48:04,-75.49500968545047,False,False,38.77367914949138,False
2026-09-05 00:48:05,-70.99946035230326,False,False,31.284163766526824,False
2026-09-05 00:48:06,-58.036300853214506,False,False,30.68892276405426,False
2026-09-05 00:48:07,-67.22332444358311,False,False,29.553229860271223,False
2026-09-05 00:48:08,-70.77004362342572,False,False,37.266973346116316,False
2026-09-05 00:48:09,-57.121363783413614,False,False,37.40695987093651,False
2026-09-05 00:48:10,-60.33137136042864,False,False,28.141449863225183,False
2026-09-05 00:48:11,-74.2611329596144,False,False,22.76184267447897,False
2026-09-05 00:48:12,-68.46358556673653,False,False,19.70738782501667,False
2026-09-05 00:48:13,-69.56920698908742,False,False,20.311610538262563,False
2026-09-05 00:48:14,-68.98346272065082,False,False,20.332797563465355,False
2026-09-05 00:48:15,-62.14752458712735,False,False,22.25374483198744,False
2026-09-05 00:48:16,-74.16822587899718,False,False,17.316333651220894,False
2026-09-05 00:48:17,-57.99267542226785,False,False,15.28054318353476,False
2026-09-05 00:48:18,-70.5748950388007,False,False,2.787535608467377,False
2026-09-05 00:48:19,-69.42534219119398,False,False,2.9286628667583265,False
2026-09-05 00:48:20,-70.09102449060248,False,False,3.573082471213781,False
2026-09-05 00:48:21,-70.84847266679608,False,False,3.7254005877967487,False
2026-09-05 00:48:22,-71.13966585647752,False,False,13.876980830706355,False
2026-09-05 00:48:23,-69.34098252885398,False,False,14.089942413718585,False
2026-09-05 00:48:24,-73.03434739334335,False,False,14.217275873547,False
2026-09-05 00:48:25,-68.49884166495647,False,False,12.337855772405566,False
2026-09-05 00:48:26,-70.8323888097705,False,False,12.315298715604966,False
2026-09-05 00:48:27,-66.32022938391471,False,False,12.068229208941158,False
2026-09-05 00:48:28,-70.90002571599163,False,False,11.890901238986036,False
2026-09-05 00:48:29,-67.48570156627486,False,False,11.441033320551705,False
2026-09-05 00:48:30,-71.07067017403244,False,False,11.30520312214621,False
2026-09-05 00:48:31,-59.07853184218692,False,False,11.648806393928078,False
2026-09-05 00:48:32,-71.46191255143094,False,False,2.5096828535516,False
2026-09-05 00:48:33,-68.48415630015276,False,False,2.1136050814875125,False
2026-09-05 00:48:34,-68.62898452241959,False,False,13.683974512799967,False
2026-09-05 00:48:35,-66.30278233340718,False,False,14.093664583668811,False
2026-09-05 00:48:36,-70.35112789099843,False,False,14.13447853934361,False
2026-09-05 00:48:37,-68.66269039048419,False,False,14.345447949084573,False
2026-09-05 00:48:38,-69.80386492092211,False,False,14.121058554348105,False
2026-09-05 00:48:39,-67.40825643627397,False,False,13.88771418126621,False
2026-09-05 00:48:40,-71.43766477521746,False,False,13.87774864376992,False
2026-09-05 00:48:41,-68.50998937424544,False,False,12.807718812373441,False
2026-09-05 00:48:42,-70.38939459223336,False,False,13.752371770721453,False
2026-09-05 00:48:43,-57.592275039437126,False,False,14.64363521783542,False
2026-09-05 00:48:44,-69.81649503110326,False,False,2.019057281560609,False
2026-09-05 00:48:45,-69.49551920714664,False,False,1.945084201321277,False
2026-09-05 00:48:46,-70.23245808624392,False,False,2.3025776824300452,False
2026-09-05 00:48:47,-69.57057363365895,False,False,12.324353683013133,False
2026-09-05 00:48:48,-66.84376388487563,False,False,13.020636709104611,False
2026-09-05 00:48:49,-68.02910062876957,False,False,14.595573760157247,False
2026-09-05 00:48:50,-68.2616908150062,False,False,16.30045399589583,False
2026-09-05 00:48:51,-70.91107905204774,False,False,27.981579192457435,False
2026-09-05 00:48:52,-71.77848165645665,False,False,27.986942513802365,False
2026-09-05 00:48:53,-68.0893988835245,False,False,25.036457437208277,False
2026-09-05 00:48:54,-68.24790641494042,False,False,27.168017657882917,False
2026-09-05 00:48:55,-67.05465864849803,False,False,27.388291366360342,False
2026-09-05 00:48:56,-58.11025721296584,False,False,30.59068600840544,False
2026-09-05 00:48:57,-64.10668539825568,False,False,26.759693222389284,False
2026-09-05 00:48:58,-63.13227308453259,False,False,34.80455762746066,False
2026-09-05 00:48:59,-70.78494221212175,False,False,33.55513819879043,False
2026-09-05 00:49:00,-55.25353967998195,False,False,34.315686750246215,False
2026-09-05 00:49:01,-70.9329907584564,False,False,17.806271068824707,False
2026-09-05 00:49:02,-68.71904040959835,False,False,17.59983486044569,False
2026-09-05 00:49:03,-70.38100621199563,False,False,17.922626300130464,False
2026-09-05 00:49:04,-69.35188594355688,False,False,17.40421045993809,False
2026-09-05 00:49:05,-59.47902832519924,False,False,21.69264884870189,False
2026-09-05 00:49:06,-69.8295811007322,False,False,15.335070157274501,False
2026-09-05 00:49:07,-75.98227194180144,False,False,15.081497814127655,False
2026-09-05 00:49:08,-70.37379231632397,False,False,8.881067479802857,False
2026-09-05 00:49:09,-63.12924632412463,False,False,7.61979095028924,False
2026-09-05 00:49:10,-67.58801096690637,False,False,8.099284717227615,False
2026-09-05 00:49:11,-68.44518529447097,False,False,9.437778590911837,False
2026-09-05 00:49:12,-69.06665803606784,False,False,15.526414804063325,False
2026-09-05 00:49:13,-66.95798754568123,False,False,16.52782779993767,False
2026-09-05 00:49:14,-60.70215079386308,False,False,18.614821689031466,False
2026-09-05 00:49:15,-66.50527360416888,False,False,13.027047685087041,False
2026-09-05 00:49:16,-68.13561687147923,False,False,24.118319524099796,False
2026-09-05 00:49:17,-70.4731105744379,False,False,37.544312075566054,False
2026-09-05 00:49:18,-67.72875970563412,False,False,43.14785217443013,False
2026-09-05 00:49:19,-72.21258702482326,False,False,49.81954380483824,True
2026-09-05 00:49:20,-71.64902832305535,False,False,46.99072574900997,True
2026-09-05 00:49:21,-59.857783679065065,False,False,45.47890711264792,True
2026-09-05 00:49:22,-71.05795541612802,False,False,45.245351626900444,True
2026-09-05 00:49:23,-72.11311528552051,False,False,47.646464722703065,True
2026-09-05 00:49:24,-67.55383386580935,False,False,43.26415444401694,False
2026-09-05 00:49:25,-57.34770396576336,False,False,42.55215177985024,False
2026-09-05 00:49:26,-55.45765617497237,False,False,42.938735343149084,False
2026-09-05 00:49:27,-57.27701626187196,False,False,35.83372477178072,False
2026-09-05 00:49:28,-73.64120660109704,False,False,29.42610336652727,False
2026-09-05 00:49:29,-69.45988528321716,False,False,24.178365437058545,False
2026-09-05 00:49:30,-59.21116363889149,False,False,24.212085143176544,False
2026-09-05 00:49:31,-70.13726809217094,False,False,20.83489889953579,False
2026-09-05 00:49:32,-72.73663007766562,False,False,19.27075671246774,False
2026-09-05 00:49:33,-66.02544800153838,False,False,15.336155799360702,False
2026-09-05 00:49:34,-62.623776663469606,False,False,16.71320399132414,False
2026-09-05 00:49:35,-56.9526534700282,False,False,19.314564035301395,False
2026-09-05 00:49:36,-61.45306114888789,False,False,13.22883784837442,False
2026-09-05 00:49:37,-65.63998033012722,False,False,10.15660649839432,False
2026-09-05 00:49:38,-68.91304124265982,False,False,23.097759388057668,False
2026-09-05 00:49:39,-69.60037913256258,False,False,25.01867870269492,False
2026-09-05 00:49:40,-69.47195983733266,False,False,50.57734049149965,True
2026-09-05 00:49:41,-67.45529299978647,False,False,49.71966023490587,True
2026-09-05 00:49:42,-68.5350157944404,False,False,49.26245523533021,True
2026-09-05 00:49:43,-69.42255267434996,False,False,50.9751575726945,True
2026-09-05 00:49:44,-59.865751440551264,False,False,51.624282299578326,True
2026-09-05 00:49:45,-71.92009259055892,False,False,52.07627487884861,True
2026-09-05 00:49:46,-70.24541786719145,False,False,49.88696336891119,True
2026-09-05 00:49:47,-56.06719730641503,False,False,49.43041623182849,True
2026-09-05 00:49:48,-72.26040744934785,False,False,40.14849973023253,False
2026-09-05 00:49:49,-50.19442214275266,False,True,37.97236906029562,False
2026-09-05 00:49:50,-66.96721188949286,False,False,9.550942559816484,False
2026-09-05 00:49:51,-62.784125244039615,False,False,16.65835003582251,False
2026-09-05 00:49:52,-69.85592627743252,False,False,15.04901255830598,False
2026-09-05 00:49:53,-70.4244179398023,False,False,15.497639771431556,False
2026-09-05 00:49:54,-71.90383692004447,False,False,15.70713667287344,False
2026-09-05 00:49:55,-69.84503896296228,False,False,15.69393115929293,False
2026-09-05 00:49:56,-69.48449491971449,False,False,22.53311695009709,False
2026-09-05 00:49:57,-62.5266134486761,False,False,22.646431302325137,False
2026-09-05 00:49:58,-69.3316471655102,False,False,25.571299756010664,False
2026-09-05 00:49:59,-70.31051809764949,False,False,25.077151932059987,False
2026-09-05 00:50:00,-59.50471221067463,False,False,25.18626587148321,False
2026-09-05 00:50:01,-71.720770021559,False,False,19.198791543267642,False
2026-09-05 00:50:02,-70.82721106684329,False,False,17.895091648181868,False
2026-09-05 00:50:03,-66.22462468531963,False,False,19.334014007889287,False
2026-09-05 00:50:04,-63.07629811215646,False,False,21.244042397336155,False
2026-09-05 00:50:05,-57.75203456500336,False,False,18.51049537226922,False
2026-09-05 00:50:06,-69.02792742116472,False,False,4.110777303589943,False
2026-09-05 00:50:07,-73.09460797787673,False,False,4.53619834950477,False
2026-09-05 00:50:08,-67.83461789222585,False,False,6.662488324883194,False
2026-09-05 00:50:09,-70.94224930363576,False,False,5.582809179238421,False
2026-09-05 00:50:10,-70.18727237747834,False,False,20.84782508155801,False
2026-09-05 00:50:11,-67.34840670491562,False,False,21.270980251326296,False
2026-09-05 00:50:12,-72.5743271371685,False,False,21.29780525461052,False
2026-09-05 00:50:13,-72.79423637022599,False,False,21.050611832460845,False
2026-09-05 00:50:14,-71.16719865269201,False,False,20.016093461994423,False
2026-09-05 00:50:15,-67.92324229796137,False,False,22.365449226492153,False
2026-09-05 00:50:16,-73.03869215095368,False,False,22.84363765170707,False
2026-09-05 00:50:17,-75.66431119622113,False,False,21.264538871765623,False
2026-09-05 00:50:18,-70.902317716818,False,False,15.851711071164933,False
2026-09-05 00:50:19,-58.07256331609312,False,False,23.472078733073936,False
2026-09-05 00:50:20,-67.59947650052234,False,False,16.000334092777834,False
2026-09-05 00:50:21,-70.9263227241708,False,False,21.070505970633807,False
2026-09-05 00:50:22,-70.822853214232,False,False,21.48952593972524,False
2026-09-05 00:50:23,-67.6921985314885,False,False,21.948636837634577,False
2026-09-05 00:50:24,-63.32962104411,False,False,25.46386028766423,False
2026-09-05 00:50:25,-70.77704155036602,False,False,25.239620637228416,False
2026-09-05 00:50:26,-69.61915222014989,False,False,24.749945909194146,False
2026-09-05 00:50:27,-69.10156255742993,False,False,24.313821214535587,False
2026-09-05 00:50:28,-57.58924391710473,False,False,24.454468816936107,False
2026-09-05 00:50:29,-69.93111797658831,False,False,18.489482917711435,False
2026-09-05 00:50:30,-74.97665470682598,False,False,27.638734765641278,False
2026-09-05 00:50:31,-71.3164968246677,False,False,20.30938866313223,False
2026-09-05 00:50:32,-64.0277284706022,False,False,18.56561717770218,False
2026-09-05 00:50:33,-61.325917749591696,False,False,21.670733734979997,False
2026-09-05 00:50:34,-63.95934151119318,False,False,25.644037651106174,False
2026-09-05 00:50:35,-69.1062549983946,False,False,25.76191619861094,False
2026-09-05 00:50:36,-65.20185431316156,False,False,25.33277254501085,False
2026-09-05 00:50:37,-63.15362657738461,False,False,31.933131056479546,False
2026-09-05 00:50:38,-71.92546513056922,False,False,33.383531567710584,False
2026-09-05 00:50:39,-56.74894853040453,False,False,31.01749393778128,False
2026-09-05 00:50:40,-68.77956766082156,False,False,22.10134098928777,False
2026-09-05 00:50:41,-69.68605407806314,False,False,24.660622912191602,False
2026-09-05 00:50:42,-71.17306253912787,False,False,33.45011590762999,False
2026-09-05 00:50:43,-57.8230168133215,False,False,33.16365751855288,False
2026-09-05 00:50:44,-68.57078041872677,False,False,27.857782080117932,False
2026-09-05 00:50:45,-67.8446407448762,False,False,28.038843927063443,False
2026-09-05 00:50:46,-57.79875544182976,False,False,28.02829272653856,False
2026-09-05 00:50:47,-70.67250947736214,False,False,19.54150437183494,False
2026-09-05 00:50:48,-69.14902013351954,False,False,25.05096509266108,False
2026-09-05 00:50:49,-67.60550615270954,False,False,28.099392741195306,False
2026-09-05 00:50:50,-72.74334739446093,False,False,33.702816069055984,False
2026-09-05 00:50:51,-56.67538743961478,False,False,30.32085210498271,False
2026-09-05 00:50:52,-70.57709739175141,False,False,27.977386719362737,False
2026-09-05 00:50:53,-71.56750704224886,False,False,28.000193528706905,False
2026-09-05 00:50:54,-66.53012684832639,False,False,27.27470151776709,False
2026-09-05 00:50:55,-64.91709102901227,False,False,27.845611779524944,False
2026-09-05 00:50:56,-64.82485295458181,False,False,29.116672493803776,False
2026-09-05 00:50:57,-58.7247586590448,False,False,29.19406364117787,False
2026-09-05 00:50:58,-72.40429905215218,False,False,25.122615249678923,False
2026-09-05 00:50:59,-58.472628892885325,False,False,22.65960996805598,False
2026-09-05 00:51:00,-69.36509347749966,False,False,15.507601063729627,False
2026-09-05 00:51:01,-57.74181305517688,False,False,17.65218614681158,False
2026-09-05 00:51:02,-70.1867737177999,False,False,6.710116066515764,False
2026-09-05 00:51:03,-71.05866422489675,False,False,6.563645857196957,False
2026-09-05 00:51:04,-62.93812233269682,False,False,6.166041257060259,False
2026-09-05 00:51:05,-69.35681357732152,False,False,3.829044640736201,False
2026-09-05 00:51:06,-66.49013385670551,False,False,4.472919668669007,False
2026-09-05 00:51:07,-69.96319673843313,False,False,7.155783918167183,False
2026-09-05 00:51:08,-69.5494717655049,False,False,10.04366500688548,False
2026-09-05 00:51:09,-68.61455448976628,False,False,17.943665794616255,False
2026-09-05 00:51:10,-72.5386609930934,False,False,19.300709044712654,False
2026-09-05 00:51:11,-66.59497068374078,False,False,27.325604881852332,False
2026-09-05 00:51:12,-69.59534240715439,False,False,29.385796312924402,False
2026-09-05 00:51:13,-66.73628620182178,False,False,34.69191160585079,False
2026-09-05 00:51:14,-71.46606599104798,False,False,38.96878653845824,False
2026-09-05 00:51:15,-66.36387615488435,False,False,37.479493806758796,False
2026-09-05 00:51:16,-62.88722206877871,False,False,38.29683802158047,False
2026-09-05 00:51:17,-62.24813838116025,False,False,39.11782332714679,False
2026-09-05 00:51:18,-57.9174729251627,False,False,42.451758062146666,False
2026-09-05 00:51:19,-70.4970572361489,False,False,39.440427257816374,False
2026-09-05 00:51:20,-54.52154375104512,False,False,39.116887628322715,False
2026-09-05 00:51:21,-69.7192802603039,False,False,21.869978573731114,False
2026-09-05 00:51:22,-73.9341394071743,False,False,21.597181560918624,False
2026-09-05 00:51:23,-72.234372923414,False,False,25.523162174885464,False
2026-09-05 00:51:24,-70.3716915043855,False,False,23.934090676757332,False
2026-09-05 00:51:25,-62.52066562492504,False,False,25.12074896862115,False
2026-09-05 00:51:26,-70.1131769777998,False,False,23.027983537145108,False
2026-09-05 00:51:27,-59.377538752354624,False,False,22.212255257501134,False
2026-09-05 00:51:28,-73.90220372807725,False,False,15.194244328998755,False
2026-09-05 00:51:29,-69.71282412698967,False,False,12.25158971292063,False
2026-09-05 00:51:30,-73.63595845077431,False,False,11.868585285426132,False
2026-09-05 00:51:31,-68.48057540903166,False,False,9.749620775633298,False
2026-09-05 00:51:32,-60.47525258480557,False,False,9.740574754610362,False
2026-09-05 00:51:33,-69.16078005595176,False,False,13.693826106321708,False
2026-09-05 00:51:34,-63.207600096160746,False,False,25.4629020567129,False
2026-09-05 00:51:35,-67.4410701366845,False,False,27.358118907050418,False
2026-09-05 00:51:36,-67.91655067188229,False,False,28.37418069709497,False
2026-09-05 00:51:37,-68.83291139397622,False,False,31.17584856873706,False
2026-09-05 00:51:38,-70.25903449372689,False,False,30.524206068772504,False
2026-09-05 00:51:39,-68.84028542940973,False,False,38.47808421270334,False
2026-09-05 00:51:40,-71.41378513597469,False,False,41.92849013277384,False
2026-09-05 00:51:41,-68.28888868195858,False,False,43.52039995177189,False
2026-09-05 00:51:42,-57.97227311933038,False,False,42.924830208605194,False
2026-09-05 00:51:43,-55.488143703599874,False,False,39.835921688189856,False
2026-09-05 00:51:44,-71.45920493961482,False,False,29.037376719257118,False
2026-09-05 00:51:45,-69.2771653654538,False,False,27.969438918940067,False
2026-09-05 00:51:46,-72.5862830875173,False,False,34.66249946986012,False
2026-09-05 00:51:47,-68.85521937764865,False,False,37.87838977265901,False
2026-09-05 00:51:48,-57.11045646981459,False,False,41.6494670209672,False
2026-09-05 00:51:49,-58.9205794561949,False,False,38.3767521333352,False
2026-09-05 00:51:50,-72.32356768782472,False,False,36.535357957696895,False
2026-09-05 00:51:51,-64.75678077326397,False,False,34.73618499968288,False
2026-09-05 00:51:52,-70.60171949428165,False,False,37.97864295430891,False
2026-09-05 00:51:53,-72.41895387083761,False,False,39.59166982484588,False
2026-09-05 00:51:54,-69.22204254129564,False,False,36.87142870107203,False
2026-09-05 00:51:55,-58.42878714623314,False,False,38.23086862283324,False
2026-09-05 00:51:56,-56.78042963708967,False,False,36.27130448541193,False
2026-09-05 00:51:57,-56.89556274456793,False,False,33.53874007310504,False
2026-09-05 00:51:58,-67.90258574716687,False,False,22.289209029373218,False
2026-09-05 00:51:59,-60.56245050747551,False,False,22.755130692035443,False
2026-09-05 00:52:00,-70.96712296769307,False,False,16.630268814876178,False
2026-09-05 00:52:01,-71.22433383430965,False,False,16.561201717814424,False
2026-09-05 00:52:02,-57.85504426346788,False,False,16.233858587249678,False
2026-09-05 00:52:03,-70.71605875949398,False,False,6.460176646201255,False
2026-09-05 00:52:04,-70.27879440132646,False,False,15.178284104901838,False
2026-09-05 00:52:05,-68.52069369655065,False,False,15.262451142003965,False
2026-09-05 00:52:06,-73.81871217501458,False,False,15.640121448289715,False
2026-09-05 00:52:07,-67.36339535029467,False,False,12.400550151866053,False
2026-09-05 00:52:08,-69.85463895134131,False,False,13.567082168830973,False
2026-09-05 00:52:09,-70.82298628912436,False,False,13.297834344481695,False
2026-09-05 00:52:10,-70.1784683084429,False,False,13.219234950765706,False
2026-09-05 00:52:11,-70.07514128995896,False,False,12.674723841907682,False
2026-09-05 00:52:12,-63.40583903258766,False,False,16.158789093624602,False
2026-09-05 00:52:13,-59.39767222055771,False,False,13.591036435860001,False
2026-09-05 00:52:14,-69.91734873545876,False,False,17.885240614529838,False
2026-09-05 00:52:15,-69.11399573910525,False,False,22.800971481301485,False
2026-09-05 00:52:16,-68.09690045885192,False,False,23.183565124102657,False
2026-09-05 00:52:17,-72.0423249151206,False,False,24.783970695371707,False
2026-09-05 00:52:18,-69.05305620192954,False,False,24.165135946343565,False
2026-09-05 00:52:19,-70.53528218179758,False,False,35.91969671247737,False
2026-09-05 00:52:20,-68.30645844956702,False,False,41.91162046399977,False
2026-09-05 00:52:21,-74.25445484070299,False,False,42.13152920477465,False
2026-09-05 00:52:22,-70.19818860048254,False,False,37.81776491060776,False
2026-09-05 00:52:23,-57.249199780929565,False,False,35.495158149624295,False
2026-09-05 00:52:24,-61.155080777787184,False,False,30.567041057100152,False
2026-09-05 00:52:25,-69.0599116252636,False,False,29.88292711423158,False
2026-09-05 00:52:26,-71.41525178964405,False,False,33.03316561278868,False
2026-09-05 00:52:27,-71.42434772835209,False,False,33.7714547105733,False
2026-09-05 00:52:28,-56.40229788948006,False,False,32.844641712095125,False
2026-09-05 00:52:29,-57.46792359660817,False,False,18.679722329532087,False
2026-09-05 00:52:30,-68.31603260909574,False,False,19.41445016180418,False
2026-09-05 00:52:31,-70.7384144008949,False,False,20.100616590080225,False
2026-09-05 00:52:32,-66.56569110687428,False,False,20.19026048219074,False
2026-09-05 00:52:33,-70.74964411324362,False,False,22.262529026381337,False
2026-09-05 00:52:34,-72.07708764168794,False,False,22.152533190395022,False
2026-09-05 00:52:35,-73.26255163092189,False,False,22.34124449007017,False
2026-09-05 00:52:36,-72.47485327644515,False,False,22.78560520057154,False
2026-09-05 00:52:37,-69.78118305633406,False,False,21.50321277984457,False
2026-09-05 00:52:38,-67.34271834350353,False,False,21.339440938581795,False
2026-09-05 00:52:39,-57.103851856985735,False,False,21.473172463938138,False
2026-09-05 00:52:40,-71.21300677643148,False,False,6.131089493424112,False
2026-09-05 00:52:41,-69.0881916096586,False,False,6.4189437095181585,False
2026-09-05 00:52:42,-63.75692063695036,False,False,6.443406118886335,False
2026-09-05 00:52:43,-71.3892007383263,False,False,1.8491674412771797,False
2026-09-05 00:52:44,-72.30872533646597,False,False,2.5148295023567178,False
2026-09-05 00:52:45,-73.50365761350344,False,False,6.273799809095562,False
2026-09-05 00:52:46,-70.77984741311889,False,False,6.302957250495915,False
2026-09-05 00:52:47,-69.68389302015973,False,False,9.805643652782296,False
2026-09-05 00:52:48,-70.19324734002979,False,False,10.565574479398123,False
2026-09-05 00:52:49,-70.83193385589472,False,False,28.594587159047414,False
2026-09-05 00:52:50,-71.89149212139357,False,False,32.963665647561015,False
2026-09-05 00:52:51,-68.78350761663006,False,False,29.143507114338625,False
2026-09-05 00:52:52,-72.63426383989317,False,False,36.18215231920093,False
2026-09-05 00:52:53,-68.44794417231304,False,False,35.43245898563592,False
2026-09-05 00:52:54,-64.026892501131,False,False,37.86369213056778,False
2026-09-05 00:52:55,-65.77344537992323,False,False,44.264057134443576,True
2026-09-05 00:52:56,-62.81056677207668,False,False,44.48841344608014,True
2026-09-05 00:52:57,-65.51717706081466,False,False,49.816042366889796,True
2026-09-05 00:52:58,-53.43072633956405,False,False,50.75731761416493,True
2026-09-05 00:52:59,-57.39085602275023,False,False,34.69719176859233,False
2026-09-05 00:53:00,-68.04315577594393,False,False,24.45595631190969,False
2026-09-05 00:53:01,-54.36459198816918,False,False,25.443473233160113,False
2026-09-05 00:53:02,-72.20733965706074,False,False,4.314703607961664,False
2026-09-05 00:53:03,-70.66157844865512,False,False,4.824798604566292,False
2026-09-05 00:53:04,-71.56039825823493,False,False,4.975998007585927,False
2026-09-05 00:53:05,-67.33885019192192,False,False,6.1235574608094865,False
2026-09-05 00:53:06,-72.39357729285263,False,False,9.188180514095786,False
2026-09-05 00:53:07,-68.21260462122177,False,False,17.26202841178834,False
2026-09-05 00:53:08,-68.21409225978246,False,False,21.21629290291137,False
2026-09-05 00:53:09,-66.34075959656782,False,False,24.347286348431187,False
2026-09-05 00:53:10,-70.819373185259,False,False,24.581615467226847,False
2026-09-05 00:53:11,-68.57535568083968,False,False,26.244378481685892,False
2026-09-05 00:53:12,-65.43669632692232,False,False,26.803118226349664,False
2026-09-05 00:53:13,-71.23528335386739,False,False,36.43075252882715,False
2026-09-05 00:53:14,-73.07008049506472,False,False,33.73062026561626,False
2026-09-05 00:53:15,-63.127461629558695,False,False,27.211912437552876,False
2026-09-05 00:53:16,-57.84774778371044,False,False,31.354757953737867,False
2026-09-05 00:53:17,-73.76630041611716,False,False,26.993352169710306,False
2026-09-05 00:53:18,-62.29119832661255,False,False,27.8975992655337,False
2026-09-05 00:53:19,-69.12537362592208,False,False,32.56666712539855,False
2026-09-05 00:53:20,-61.00197759496541,False,False,32.86526484125031,False
2026-09-05 00:53:21,-69.14911027163166,False,False,32.314182396427725,False
2026-09-05 00:53:22,-56.19758957985229,False,False,30.932949731477315,False
2026-09-05 00:53:23,-67.44226837337321,False,False,21.663061779712528,False
2026-09-05 00:53:24,-66.3446096720876,False,False,21.56205788188303,False
2026-09-05 00:53:25,-71.35399027691706,False,False,22.23337143969238,False
2026-09-05 00:53:26,-71.54531889054165,False,False,19.361649388756046,False
2026-09-05 00:53:27,-57.60333779684569,False,False,21.83193825540026,False
2026-09-05 00:53:28,-57.43760952495021,False,False,15.639755104071877,False
2026-09-05 00:53:29,-69.09754936136298,False,False,5.575877303957688,False
2026-09-05 00:53:30,-67.63301266622014,False,False,5.355697233859164,False
2026-09-05 00:53:31,-65.98625951165748,False,False,6.290097536802627,False
2026-09-05 00:53:32,-66.66555177689773,False,False,5.406967082139009,False
2026-09-05 00:53:33,-66.95352275657548,False,False,5.097284333669248,False
2026-09-05 00:53:34,-68.52875600550851,False,False,4.50658998460786,False
2026-09-05 00:53:35,-66.43640218245788,False,False,4.518093468708639,False
2026-09-05 00:53:36,-73.31324641535555,False,False,3.8038832847846775,False
2026-09-05 00:53:37,-71.0488962725253,False,False,2.9554226525963325,False
2026-09-05 00:53:38,-71.47060692136391,False,False,8.747581806922513,False
2026-09-05 00:53:39,-68.55704135248531,False,False,8.079008509792668,False
2026-09-05 00:53:40,-72.10028147920428,False,False,8.42437758964247,False
2026-09-05 00:53:41,-68.48500970132503,False,False,8.092688234938752,False
2026-09-05 00:53:42,-67.25892771200657,False,False,10.333057756125053,False
2026-09-05 00:53:43,-68.609594199832,False,False,11.765728867827818,False
2026-09-05 00:53:44,-69.432497952677,False,False,12.462247196757598,False
2026-09-05 00:53:45,-71.9757466818015,False,False,12.909353451454965,False
2026-09-05 00:53:46,-71.69370193225073,False,False,12.169874802763527,False
2026-09-05 00:53:47,-61.693677647466814,False,False,11.030555614285845,False
2026-09-05 00:53:48,-68.44130199218934,False,False,7.76269472342903,False
2026-09-05 00:53:49,-70.0780390387551,False,False,10.354199532722706,False
2026-09-05 00:53:50,-70.83581909153177,False,False,10.070401800380946,False
2026-09-05 00:53:51,-74.05161574622275,False,False,14.001531849652622,False
2026-09-05 00:53:52,-64.64316687658558,False,False,9.947553066482834,False
2026-09-05 00:53:53,-66.17716182572056,False,False,13.719734717670718,False
2026-09-05 00:53:54,-66.62031293971906,False,False,16.532515424379017,False
2026-09-05 00:53:55,-69.62104035755785,False,False,17.430409756219426,False
2026-09-05 00:53:56,-67.9851120536096,False,False,16.782810507736812,False
2026-09-05 00:53:57,-72.50984533600459,False,False,17.332505611700444,False
2026-09-05 00:53:58,-63.585300171680885,False,False,16.268979794091685,False
2026-09-05 00:53:59,-68.12416892497869,False,False,17.24603908314539,False
2026-09-05 00:54:00,-60.926402460004056,False,False,21.46229001597631,False
2026-09-05 00:54:01,-64.26319388866646,False,False,18.498530165572888,False
2026-09-05 00:54:02,-73.33719851775639,False,False,31.785688560828923,False
2026-09-05 00:54:03,-61.75201326188714,False,False,27.754775345158315,False
2026-09-05 00:54:04,-70.34560347479292,False,False,25.66974637717168,False
2026-09-05 00:54:05,-68.45615969032664,False,False,25.335666755352236,False
2026-09-05 00:54:06,-69.1173856966015,False,False,25.465182861822115,False
2026-09-05 00:54:07,-71.46631239422,False,False,27.38562698480821,False
2026-09-05 00:54:08,-62.21156093241259,False,False,29.469750222329253,False
2026-09-05 00:54:09,-73.71580290279657,False,False,28.594855146824493,False
2026-09-05 00:54:10,-63.64835405358113,False,False,22.35919841194352,False
2026-09-05 00:54:11,-55.42470202027643,False,False,24.5986510816166,False
2026-09-05 00:54:12,-68.7226796627138,False,False,12.26640686168779,False
2026-09-05 00:54:13,-67.8837633498257,False,False,16.811213358368402,False
2026-09-05 00:54:14,-69.26476031958057,False,False,16.695773505350196,False
2026-09-05 00:54:15,-63.62967790604123,False,False,16.644881480787255,False
2026-09-05 00:54:16,-71.76213667332259,False,False,15.920923776411593,False
2026-09-05 00:54:17,-59.195007283403626,False,False,13.108252264996768,False
2026-09-05 00:54:18,-67.62653075964533,False,False,11.11096649942304,False
2026-09-05 00:54:19,-67.12732918858805,False,False,12.101907037747615,False
2026-09-05 00:54:20,-70.47622087262411,False,False,21.670564292395817,False
2026-09-05 00:54:21,-69.90799450549345,False,False,25.956737300798352,False
2026-09-05 00:54:22,-60.01197078996994,False,False,28.408264206085164,False
2026-09-05 00:54:23,-67.65448630946511,False,False,31.064233608781457,False
2026-09-05 00:54:24,-68.66916635261644,False,False,31.844668212341823,False
2026-09-05 00:54:25,-66.1175651270725,False,False,35.19908054004603,False
2026-09-05 00:54:26,-65.9127666754096,False,False,40.25627013072375,False
2026-09-05 00:54:27,-60.56203894520175,False,False,40.48311648351895,False
2026-09-05 00:54:28,-69.53710815494885,False,False,43.59080609536335,False
2026-09-05 00:54:29,-56.16921491368431,False,False,44.57101930853953,True
2026-09-05 00:54:30,-56.136278221413775,False,False,39.67136408138167,False
2026-09-05 00:54:31,-71.7459221809074,False,False,33.03326982751496,False
2026-09-05 00:54:32,-57.70040660675852,False,False,31.568637093821955,False
2026-09-05 00:54:33,-68.55772927490884,False,False,27.295595694707817,False
2026-09-05 00:54:34,-71.83254820112745,False,False,30.988818433207985,False
2026-09-05 00:54:35,-56.64716647980156,False,False,32.443542816169824,False
2026-09-05 00:54:36,-59.939576844296894,False,False,19.565630734538466,False
2026-09-05 00:54:37,-69.73140700550441,False,False,11.541053381725405,False
2026-09-05 00:54:38,-69.84080427524793,False,False,11.450880749635541,False
2026-09-05 00:54:39,-68.89188445776819,False,False,15.531312331275382,False
2026-09-05 00:54:40,-71.72340614051252,False,False,15.771728183282628,False
2026-09-05 00:54:41,-69.93993704167184,False,False,15.406931799938913,False
2026-09-05 00:54:42,-74.30476708921836,False,False,19.132082089669133,False
2026-09-05 00:54:43,-61.48925055069031,False,False,16.276759088213414,False
2026-09-05 00:54:44,-73.12298644488372,False,False,10.499755565456862,False
2026-09-05 00:54:45,-66.99316034314201,False,False,17.62374670213959,False
2026-09-05 00:54:46,-70.6602401879329,False,False,19.273311479301547,False
2026-09-05 00:54:47,-70.42333396386235,False,False,19.162718952773673,False
2026-09-05 00:54:48,-62.86796877002394,False,False,20.244255382751433,False
2026-09-05 00:54:49,-70.57607774784415,False,False,17.905412211394918,False
2026-09-05 00:54:50,-67.16293730970392,False,False,23.479855583271352,False
2026-09-05 00:54:51,-74.97561731307016,False,False,23.368522696404472,False
2026-09-05 00:54:52,-67.44606922782363,False,False,20.35444422483512,False
2026-09-05 00:54:53,-69.32395303779658,False,False,23.71102117127747,False
2026-09-05 00:54:54,-59.00800706798252,False,False,25.210253377108636,False
2026-09-05 00:54:55,-72.15062478609848,False,False,26.802824142789017,False
2026-09-05 00:54:56,-66.64721394558359,False,False,24.982190636279537,False
2026-09-05 00:54:57,-71.89101375988547,False,False,25.07867040709526,False
2026-09-05 00:54:58,-72.30670102119191,False,False,23.660766721905443,False
2026-09-05 00:54:59,-60.82684431256085,False,False,23.38413353755208,False
2026-09-05 00:55:00,-69.32289424742817,False,False,21.045696245563,False
2026-09-05 00:55:01,-71.8758511530728,False,False,23.431780657223563,False
2026-09-05 00:55:02,-62.20107079707976,False,False,24.22033240125875,False
2026-09-05 00:55:03,-72.05150536728055,False,False,26.370764034635776,False
2026-09-05 00:55:04,-57.99817210470859,False,False,26.891668900335663,False
2026-09-05 00:55:05,-67.87725807025373,False,False,24.660599434262526,False
2026-09-05 00:55:06,-68.93598760235611,False,False,26.022641508238543,False
2026-09-05 00:55:07,-69.27667787750596,False,False,26.567997723999433,False
2026-09-05 00:55:08,-61.11132677427706,False,False,29.57026515653599,False
2026-09-05 00:55:09,-70.00062734522355,False,False,27.828103897702483,False
2026-09-05 00:55:10,-61.07830794205299,False,False,43.50877795624204,False
2026-09-05 00:55:11,-58.93970412759042,False,False,44.33646462482212,True
2026-09-05 00:55:12,-59.11392277767825,False,False,43.229757685814725,False
2026-09-05 00:55:13,-72.0295189863717,False,False,43.68540834665674,True
2026-09-05 00:55:14,-70.72292553338796,False,False,41.11913564931518,False
2026-09-05 00:55:15,-60.92101994282764,False,False,39.531668681835164,False
2026-09-05 00:55:16,-70.10780969801148,False,False,36.43144143242671,False
2026-09-05 00:55:17,-71.96460716075462,False,False,36.42148841632769,False
2026-09-05 00:55:18,-67.75628428753906,False,False,35.88188281519983,False
2026-09-05 00:55:19,-51.86054364191824,False,False,38.443345877346026,False
2026-09-05 00:55:20,-69.60773708195218,False,False,11.37024602596549,False
2026-09-05 00:55:21,-60.1027315144111,False,False,31.90266876492161,False
2026-09-05 00:55:22,-73.09792105010695,False,False,27.910286350529155,False
2026-09-05 00:55:23,-69.48404803755764,False,False,43.919769478880916,True
2026-09-05 00:55:24,-67.79224531336749,False,False,44.03183289541508,True
2026-09-05 00:55:25,-69.04966450700924,False,False,49.16509356993829,True
2026-09-05 00:55:26,-70.0048076818377,False,False,48.863278571603274,True
2026-09-05 00:55:27,-71.1785433035786,False,False,51.60251495743795,True
2026-09-05 00:55:28,-72.18432726543618,False,False,50.91776851996129,True
2026-09-05 00:55:29,-68.33049734735023,False,False,46.77846224590599,True
2026-09-05 00:55:30,-53.83916256606536,False,False,45.913522219261715,True
2026-09-05 00:55:31,-73.09145957338147,False,False,32.93574857822913,False
2026-09-05 00:55:32,-54.24483811230491,False,False,30.5402643938866,False
2026-09-05 00:55:33,-68.851857558212,False,False,16.76573176457581,False
2026-09-05 00:55:34,-58.72793404818166,False,False,16.51316679025758,False
2026-09-05 00:55:35,-67.57753261848188,False,False,8.340293637629857,False
2026-09-05 00:55:36,-72.73164831083088,False,False,8.612361452185231,False
2026-09-05 00:55:37,-70.29793861953459,False,False,7.522599616728374,False
2026-09-05 00:55:38,-62.86307176946937,False,False,7.527748204093291,False
2026-09-05 00:55:39,-66.40727835414607,False,False,4.1870436662196315,False
2026-09-05 00:55:40,-68.58784217236973,False,False,3.578097424516218,False
2026-09-05 00:55:41,-70.48536255362407,False,False,3.7764801490859297,False
2026-09-05 00:55:42,-72.05273841533179,False,False,14.994698056847392,False
2026-09-05 00:55:43,-67.5399988545617,False,False,13.567006485306404,False
2026-09-05 00:55:44,-71.92941085150143,False,False,14.010834838176038,False
2026-09-05 00:55:45,-66.74306289045536,False,False,13.881516429334393,False
2026-09-05 00:55:46,-70.56876929921302,False,False,13.623791579746827,False
2026-09-05 00:55:47,-66.8188358547643,False,False,13.171022662423772,False
2026-09-05 00:55:48,-68.64213741988144,False,False,15.71003043037027,False
2026-09-05 00:55:49,-70.27399097888491,False,False,15.66453885214447,False
2026-09-05 00:55:50,-71.03879274365225,False,False,16.216206094849454,False
2026-09-05 00:55:51,-58.19820742040596,False,False,16.780748929359227,False
2026-09-05 00:55:52,-69.14336661524952,False,False,2.964081765806042,False
2026-09-05 00:55:53,-69.84568700756456,False,False,2.979464204991036,False
2026-09-05 00:55:54,-71.1876228161374,False,False,14.63581253736503,False
2026-09-05 00:55:55,-70.33126282063526,False,False,19.67171989607477,False
2026-09-05 00:55:56,-69.8428459405617,False,False,21.09981281153087,False
2026-09-05 00:55:57,-74.25746818882962,False,False,21.868671374588267,False
2026-09-05 00:55:58,-69.0836637704226,False,False,19.320392068663825,False
2026-09-05 00:55:59,-71.95944244943361,False,False,23.76476353443753,False
2026-09-05 00:56:00,-72.30666480641149,False,False,22.423702309740275,False
2026-09-05 00:56:01,-73.37468869422142,False,False,21.19706252843813,False
2026-09-05 00:56:02,-73.58778499573577,False,False,23.093500399160796,False
2026-09-05 00:56:03,-60.07781885410247,False,False,25.980020079443342,False
2026-09-05 00:56:04,-62.9553814999135,False,False,23.82021763155416,False
2026-09-05 00:56:05,-66.09348172494687,False,False,29.236443712892644,False
2026-09-05 00:56:06,-71.05175935179041,False,False,32.222478743355865,False
2026-09-05 00:56:07,-69.64449978746394,False,False,31.299467280141414,False
2026-09-05 00:56:08,-61.60688388926748,False,False,32.784983385399016,False
2026-09-05 00:56:09,-69.7378696275683,False,False,43.680649102805354,True
2026-09-05 00:56:10,-70.15488692145199,False,False,45.269649780477664,True
2026-09-05 00:56:11,-59.57371654953452,False,False,44.138926915362106,True
2026-09-05 00:56:12,-55.78780314632109,False,False,51.74126234067944,True
2026-09-05 00:56:13,-66.38560671272423,False,False,40.92860200935631,False
2026-09-05 00:56:14,-73.36531738824537,False,False,41.042252081065165,False
2026-09-05 00:56:15,-72.04805718177276,False,False,37.350665500972056,False
2026-09-05 00:56:16,-70.55962068475401,False,False,36.03463985226837,False
2026-09-05 00:56:17,-71.92907558982039,False,False,36.88453359849593,False
2026-09-05 00:56:18,-55.08337315324937,False,False,35.316538121501196,False
2026-09-05 00:56:19,-71.45654440481323,False,False,32.99493011670673,False
2026-09-05 00:56:20,-65.6698878643868,False,False,31.691771932980487,False
2026-09-05 00:56:21,-55.32373352558159,False,False,36.01068768945865,False
2026-09-05 00:56:22,-69.57485193873558,False,False,21.476694884528737,False
2026-09-05 00:56:23,-67.94602747336053,False,False,27.63338754022102,False
2026-09-05 00:56:24,-67.78819915128538,False,False,27.848092000146643,False
2026-09-05 00:56:25,-71.12789497611648,False,False,28.515522643340365,False
2026-09-05 00:56:26,-71.63243448908393,False,False,33.36269693839494,False
2026-09-05 00:56:27,-69.84371387406071,False,False,34.145969334147914,False
2026-09-05 00:56:28,-55.9599317631293,False,False,32.77233455984934,False
2026-09-05 00:56:29,-69.72187920269316,False,False,23.32211173419808,False
2026-09-05 00:56:30,-73.153992964382,False,False,24.143120799185702,False
2026-09-05 00:56:31,-71.60564888790168,False,False,19.736061379844326,False
2026-09-05 00:56:32,-60.02189519697288,False,False,17.395568299124424,False
2026-09-05 00:56:33,-70.15133120865165,False,False,14.64559285557281,False
2026-09-05 00:56:34,-66.05491564642038,False,False,22.760588856924947,False
2026-09-05 00:56:35,-59.56119226481559,False,False,33.10679696496227,False
2026-09-05 00:56:36,-59.77327903414791,False,False,31.080393267082183,False
2026-09-05 00:56:37,-67.02177378334342,False,False,30.05582110108,False
2026-09-05 00:56:38,-65.4571005091544,False,False,31.622343794815215,False
2026-09-05 00:56:39,-70.80879484636792,False,False,33.030801156061244,False
2026-09-05 00:56:40,-69.0171410945596,False,False,30.48579270047738,False
2026-09-05 00:56:41,-68.86047928560271,False,False,32.555685743575644,False
2026-09-05 00:56:42,-69.60903653689341,False,False,34.05746974450453,False
2026-09-05 00:56:43,-55.93489078399454,False,False,32.972755287515746,False
2026-09-05 00:56:44,-54.38499958989514,False,False,22.25964786922453,False
2026-09-05 00:56:45,-65.22927149678965,False,False,6.5875045509633425,False
2026-09-05 00:56:46,-68.63586101987474,False,False,11.78934743296774,False
2026-09-05 00:56:47,-69.74764419267606,False,False,11.831993555152415,False
2026-09-05 00:56:48,-70.44494979355653,False,False,17.03001628209211,False
2026-09-05 00:56:49,-65.90627560856089,False,False,19.519225796386163,False
2026-09-05 00:56:50,-71.3498680375811,False,False,21.33530433955793,False
2026-09-05 00:56:51,-70.80615197813006,False,False,21.329592210251953,False
2026-09-05 00:56:52,-66.01689339559053,False,False,20.481946810745562,False
2026-09-05 00:56:53,-64.9820116853643,False,False,20.866650282366578,False
2026-09-05 00:56:54,-64.21638047252435,False,False,20.832954299653956,False
2026-09-05 00:56:55,-60.01178476959012,False,False,22.779674703021946,False
2026-09-05 00:56:56,-68.3185310357409,False,False,15.175903735544122,False
2026-09-05 00:56:57,-58.7197998615454,False,False,33.529290458742935,False
2026-09-05 00:56:58,-72.58525069430452,False,False,24.411235760658567,False
2026-09-05 00:56:59,-71.06433712625437,False,False,23.265374214085988,False
2026-09-05 00:57:00,-71.21470886642442,False,False,22.77340846873515,False
2026-09-05 00:57:01,-70.1544420904461,False,False,21.36470881206972,False
2026-09-05 00:57:02,-69.14831268274034,False,False,20.512610886375846,False
2026-09-05 00:57:03,-69.16358848822405,False,False,20.558155477515257,False
2026-09-05 00:57:04,-73.55202350809681,False,False,28.787751429837186,False
2026-09-05 00:57:05,-67.87211802487829,False,False,23.076960016983985,False
2026-09-05 00:57:06,-54.881037606569606,False,False,32.21542024124835,False
2026-09-05 00:57:07,-67.23093590481218,False,False,24.06257897510438,False
2026-09-05 00:57:08,-69.11160334541866,False,False,28.254400329073622,False
2026-09-05 00:57:09,-67.79735408452848,False,False,31.571357854359565,False
2026-09-05 00:57:10,-69.06690937709975,False,False,31.71962563084735,False
2026-09-05 00:57:11,-67.3075484875945,False,False,37.55950860847486,False
2026-09-05 00:57:12,-68.95549872796444,False,False,40.47523273112546,False
2026-09-05 00:57:13,-57.47493525407295,False,False,41.427539410018156,False
2026-09-05 00:57:14,-65.45513055910624,False,False,33.60747290542558,False
2026-09-05 00:57:15,-54.87763455638279,False,False,33.254916165055036,False
2026-09-05 00:57:16,-68.85251115799117,False,False,17.42066192894307,False
2026-09-05 00:57:17,-72.55260883307668,False,False,17.74505800991088,False
2026-09-05 00:57:18,-72.57661523492708,False,False,17.036184254695513,False
2026-09-05 00:57:19,-69.4145690357163,False,False,15.943637631808565,False
2026-09-05 00:57:20,-57.67904034299532,False,False,16.39690325847056,False
2026-09-05 00:57:21,-71.22824513001663,False,False,2.240634413656891,False
2026-09-05 00:57:22,-69.71803460077588,False,False,14.068513562012274,False
2026-09-05 00:57:23,-66.82274614391281,False,False,14.240259925543322,False
2026-09-05 00:57:24,-68.6091950508994,False,False,14.258021316744845,False
2026-09-05 00:57:25,-72.28201701950547,False,False,17.966190708030435,False
2026-09-05 00:57:26,-70.22301765428588,False,False,36.95494516864228,False
2026-09-05 00:57:27,-71.60993296170513,False,False,57.405917062276714,True
2026-09-05 00:57:28,-70.77539983281713,False,False,56.92589739672351,True
2026-09-05 00:57:29,-70.82723133125928,False,False,57.156532339061165,True
2026-09-05 00:57:30,-70.95529116520801,False,False,58.64191494212845,True
2026-09-05 00:57:31,-58.6170831446636,False,False,56.03508705443799,True
2026-09-05 00:57:32,-70.25530936303637,False,False,49.21598310540553,True
2026-09-05 00:57:33,-71.12121527369462,False,False,49.0366035810276,True
2026-09-05 00:57:34,-75.85889738000454,False,False,47.51797590582294,True
2026-09-05 00:57:35,-55.09571356818577,False,False,39.86364127488461,False
2026-09-05 00:57:36,-53.007984737275365,False,False,28.86179435360456,False
2026-09-05 00:57:37,-70.75260144984999,False,False,12.703439622938665,False
2026-09-05 00:57:38,-69.9623619005188,False,False,12.299630027752263,False
2026-09-05 00:57:39,-72.34330869463513,False,False,16.436291113515136,False
2026-09-05 00:57:40,-66.60855424437827,False,False,15.368935268113338,False
2026-09-05 00:57:41,-66.20542261045378,False,False,19.76822958344433,False
2026-09-05 00:57:42,-69.68661254350695,False,False,20.837084319255588,False
2026-09-05 00:57:43,-67.95293871162932,False,False,27.628052938201932,False
2026-09-05 00:57:44,-69.64942644213215,False,False,31.180662264816583,False
2026-09-05 00:57:45,-72.67345087775186,False,False,32.493371804296785,False
2026-09-05 00:57:46,-59.74014627261053,False,False,28.848453530775664,False
2026-09-05 00:57:47,-69.73614406645609,False,False,24.66145925950105,False
2026-09-05 00:57:48,-61.28984339542953,False,False,23.842477313738673,False
2026-09-05 00:57:49,-70.43730655487008,False,False,21.740144435744295,False
2026-09-05 00:57:50,-60.24122307950019,False,False,20.282305145737823,False
2026-09-05 00:57:51,-70.16175699573093,False,False,17.371436400038135,False
2026-09-05 00:57:52,-57.5862026596747,False,False,22.61357402710737,False
2026-09-05 00:57:53,-72.12121013279321,False,False,24.83424269342149,False
2026-09-05 00:57:54,-71.43403229825587,False,False,23.319354573996183,False
2026-09-05 00:57:55,-64.15347220195719,False,False,24.023895978348953,False
2026-09-05 00:57:56,-68.0443689006276,False,False,24.05240457946673,False
2026-09-05 00:57:57,-64.39941236892963,False,False,23.807969304724523,False
2026-09-05 00:57:58,-67.69281931336614,False,False,21.925424767910606,False
2026-09-05 00:57:59,-67.22730120547432,False,False,23.002721013752147,False
2026-09-05 00:58:00,-70.60436117396524,False,False,24.246397913770096,False
2026-09-05 00:58:01,-75.2062741756546,False,False,24.146606001181606,False
2026-09-05 00:58:02,-56.39621049839474,False,False,27.278190839623527,False
2026-09-05 00:58:03,-70.12836832257764,False,False,11.970360457615339,False
2026-09-05 00:58:04,-72.02119643985783,False,False,12.575262827243616,False
2026-09-05 00:58:05,-71.03043678761648,False,False,30.4500458977456,False
2026-09-05 00:58:06,-66.9396096022733,False,False,42.98265458725356,False
2026-09-05 00:58:07,-68.67014567539651,False,False,43.486525762916415,False
2026-09-05 00:58:08,-71.8491282287562,False,False,51.55200707818561,True
2026-09-05 00:58:09,-73.19519833919087,False,False,49.81275027317905,True
2026-09-05 00:58:10,-70.65403463521955,False,False,45.76501774903311,True
2026-09-05 00:58:11,-60.26247013967266,False,False,46.5081719959534,True
2026-09-05 00:58:12,-69.00760162527337,False,False,50.43489832110587,True
2026-09-05 00:58:13,-71.07063342513531,False,False,51.26836317915669,True
2026-09-05 00:58:14,-54.82616751569553,False,False,50.455012563642796,True
2026-09-05 00:58:15,-54.86871090000908,False,False,46.98338120416128,True
2026-09-05 00:58:16,-68.36899795511148,False,False,40.45583419572807,False
2026-09-05 00:58:17,-56.41141550263386,False,False,41.3786609475789,False
2026-09-05 00:58:18,-70.36630094210659,False,False,30.058902341662808,False
2026-09-05 00:58:19,-70.71334626835974,False,False,29.246384723619865,False
2026-09-05 00:58:20,-56.926579078947725,False,False,29.914355556263587,False
2026-09-05 00:58:21,-71.2546268919026,False,False,17.997752909211115,False
2026-09-05 00:58:22,-69.90955458200004,False,False,18.16166319781682,False
2026-09-05 00:58:23,-57.44895061157504,False,False,18.15501897914369,False
2026-09-05 00:58:24,-71.00356838562307,False,False,7.14341253629685,False
2026-09-05 00:58:25,-72.74493109576821,False,False,6.953800886318755,False
2026-09-05 00:58:26,-69.35405099276467,False,False,5.797986505707341,False
2026-09-05 00:58:27,-64.73122108369122,False,False,6.290588555008161,False
2026-09-05 00:58:28,-68.99951906112686,False,False,3.968153982896979,False
2026-09-05 00:58:29,-71.06720061287834,False,False,4.460158506721141,False
2026-09-05 00:58:30,-67.5583574023739,False,False,6.400499487467746,False
2026-09-05 00:58:31,-71.75354756242369,False,False,13.37061287019784,False
2026-09-05 00:58:32,-66.57591943196421,False,False,15.89899036877444,False
2026-09-05 00:58:33,-73.49527301965652,False,False,15.211843783960825,False
2026-09-05 00:58:34,-69.13045987088621,False,False,14.965944726988614,False
2026-09-05 00:58:35,-69.04913863494676,False,False,14.881979162765457,False
2026-09-05 00:58:36,-71.59111413588177,False,False,15.416527748733259,False
2026-09-05 00:58:37,-69.15121212427798,False,False,17.864165231176365,False
2026-09-05 00:58:38,-67.44096266047968,False,False,18.757268400214947,False
2026-09-05 00:58:39,-74.43363767870812,False,False,20.34432867734751,False
2026-09-05 00:58:40,-61.06779592742413,False,False,29.292877080143153,False
2026-09-05 00:58:41,-74.98654164066015,False,False,23.996785485598288,False
2026-09-05 00:58:42,-71.93132960704642,False,False,19.666013515262442,False
2026-09-05 00:58:43,-66.7416672701981,False,False,18.963591071110816,False
2026-09-05 00:58:44,-71.1635640667841,False,False,20.814825655958977,False
2026-09-05 00:58:45,-72.34775992881795,False,False,19.894615981223538,False
2026-09-05 00:58:46,-64.64385517034134,False,False,17.329358301524017,False
2026-09-05 00:58:47,-65.8641873236729,False,False,16.847547073302266,False
2026-09-05 00:58:48,-73.66336449441205,False,False,18.226320040216784,False
2026-09-05 00:58:49,-57.9649697902407,False,False,15.470128873360162,False
2026-09-05 00:58:50,-67.00513663364075,False,False,4.971274651535744,False
2026-09-05 00:58:51,-66.28459531292454,False,False,4.479314164438066,False
2026-09-05 00:58:52,-70.20686244858057,False,False,4.060837214487018,False
2026-09-05 00:58:53,-72.47810540505328,False,False,4.058075671493809,False
2026-09-05 00:58:54,-65.80831299638169,False,False,3.998047707920425,False
2026-09-05 00:58:55,-66.8111152165016,False,False,3.312611125507785,False
2026-09-05 00:58:56,-68.64210602447554,False,False,2.574042164353762,False
2026-09-05 00:58:57,-71.62480469787484,False,False,7.087109083691729,False
2026-09-05 00:58:58,-70.09805868167608,False,False,6.486159294902831,False
2026-09-05 00:58:59,-70.32072016208966,False,False,7.834285152219759,False
2026-09-05 00:59:00,-69.33829739076884,False,False,14.93894391304137,False
2026-09-05 00:59:01,-67.09799712373733,False,False,15.745200717234201,False
2026-09-05 00:59:02,-68.2411659177252,False,False,18.443204495041584,False
2026-09-05 00:59:03,-72.15475215396951,False,False,18.803393627280947,False
2026-09-05 00:59:04,-67.24700709996092,False,False,31.33095924555662,False
2026-09-05 00:59:05,-69.3737357199737,False,False,35.83266201786985,False
2026-09-05 00:59:06,-62.22421407445487,False,False,36.65749343104419,False
2026-09-05 00:59:07,-67.0669182814428,False,False,34.1291820956436,False
2026-09-05 00:59:08,-72.2231604990271,False,False,33.708281126803634,False
2026-09-05 00:59:09,-59.22087299368077,False,False,45.69170807598083,True
2026-09-05 00:59:10,-71.06290910271844,False,False,42.40905761799401,False
2026-09-05 00:59:11,-73.13571885073091,False,False,41.83552803212339,False
2026-09-05 00:59:12,-69.30658004479017,False,False,40.609449248417654,False
2026-09-05 00:59:13,-55.09584242581737,False,False,44.36127452894732,True
2026-09-05 00:59:14,-73.68015548901151,False,False,25.690548244066104,False
2026-09-05 00:59:15,-70.06456122209894,False,False,23.650589057203643,False
2026-09-05 00:59:16,-68.71891412985045,False,False,23.60318260477066,False
2026-09-05 00:59:17,-69.75384359668763,False,False,23.93109966958844,False
2026-09-05 00:59:18,-55.36297436943022,False,False,23.986953066582966,False
2026-09-05 00:59:19,-72.59843272689164,False,False,4.263071115278688,False
2026-09-05 00:59:20,-69.53442651411967,False,False,3.8078470919371634,False
2026-09-05 00:59:21,-71.51352795403186,False,False,3.9361841886298263,False
2026-09-05 00:59:22,-74.3798434099571,False,False,3.919149588068559,False
2026-09-05 00:59:23,-67.61081555897253,False,False,1.0971554446549583,False
2026-09-05 00:59:24,-68.08322836031591,False,False,0.9888937182631669,False
2026-09-05 00:59:25,-69.89667804629784,False,False,2.045480777117274,False
2026-09-05 00:59:26,-69.5418506235886,False,False,1.983446019692773,False
2026-09-05 00:59:27,-67.85136397456888,False,False,2.350595890394847,False
2026-09-05 00:59:28,-69.55132068644383,False,False,2.190574062212961,False
2026-09-05 00:59:29,-68.19196489047737,False,False,7.863093213038678,False
2026-09-05 00:59:30,-70.5949644017477,False,False,8.477674624271177,False
2026-09-05 00:59:31,-67.37603252285211,False,False,9.772607223577376,False
2026-09-05 00:59:32,-69.35842854813463,False,False,16.64916925582953,False
2026-09-05 00:59:33,-69.61189611278826,False,False,16.75912982741772,False
2026-09-05 00:59:34,-72.54012217742407,False,False,18.606468697303757,False
2026-09-05 00:59:35,-69.42608829139658,False,False,17.253579646808955,False
2026-09-05 00:59:36,-71.6639098349889,False,False,16.7415861886064,False
2026-09-05 00:59:37,-71.27656545305699,False,False,17.631130098985473,False
2026-09-05 00:59:38,-62.00387293975397,False,False,18.44481145254275,False
2026-09-05 00:59:39,-72.13246986379845,False,False,15.897948734588088,False
2026-09-05 00:59:40,-65.75045719396607,False,False,14.937582867482138,False
2026-09-05 00:59:41,-60.39184217902408,False,False,14.394730810992481,False
2026-09-05 00:59:42,-66.15926499571148,False,False,8.653227710410244,False
2026-09-05 00:59:43,-72.44579003911113,False,False,9.009425525716782,False
2026-09-05 00:59:44,-69.85749250017821,False,False,9.570203947554605,False
2026-09-05 00:59:45,-67.08104671364237,False,False,26.48838792844318,False
2026-09-05 00:59:46,-61.8298023431959,False,False,26.681324467489567,False
2026-09-05 00:59:47,-71.83625396683316,False,False,25.664430648594937,False
2026-09-05 00:59:48,-67.52083198711688,False,False,24.394700588768934,False
2026-09-05 00:59:49,-70.79245935620352,False,False,26.83852946934807,False
2026-09-05 00:59:50,-67.86324133261196,False,False,26.389210510853434,False
2026-09-05 00:59:51,-68.79175822082297,False,False,,False
2026-09-05 00:59:52,-65.39272249579042,False,False,,False
2026-09-05 00:59:53,-72.95888844627945,False,False,,False
2026-09-05 00:59:54,-54.37066105842381,False,False,,False
2026-09-05 00:59:55,-67.70711825919855,False,False,,False
2026-09-05 00:59:56,-71.94675767605406,False,False,,False
2026-09-05 00:59:57,-67.98573332705368,False,False,,False
2026-09-05 00:59:58,-61.78739989595768,False,False,,False
2026-09-05 00:59:59,-70.45495251990681,False,False,,False
